,tweet_id,favorite_count,retweet_count,followers_count,friends_count,source,retweeted_status,url
0,892177421306343426,33266,6320,6831327,103,Twitter for iPhone,Original tweet,https://t.co/aQFSeaCu9L
1,892420643555336193,38841,8601,6831327,103,Twitter for iPhone,Original tweet,https://t.co/MgUWQ76dJU
2,891815181378084864,25063,4194,6831327,103,Twitter for iPhone,Original tweet,https://t.co/r0YlrsGCgy
3,891689557279858688,42214,8714,6831327,103,Twitter for iPhone,Original tweet,https://t.co/tD36da7qLQ
4,891327558926688256,40361,9486,6831327,103,Twitter for iPhone,Original tweet,https://t.co/0g0KMIVXZ3
5,891087950875897856,20244,3137,6831327,103,Twitter for iPhone,Original tweet,https://t.co/xx5cilW0Dd
6,890971913173991426,11864,2090,6831327,103,Twitter for iPhone,Original tweet,https://t.co/MV01Q820LT
7,890729181411237888,65620,19066,6831327,103,Twitter for iPhone,Original tweet,https://t.co/hrcFOGi12V
8,890609185150312448,27795,4300,6831327,103,Twitter for iPhone,Original tweet,https://t.co/UkrdQyoYxV
9,890240255349198849,31983,7480,6831327,103,Twitter for iPhone,Original tweet,https://t.co/l3TSS3o2M0
10,890006608113172480,30687,7399,6831327,103,Twitter for iPhone,Original tweet,https://t.co/jy2alqaYPH
11,889880896479866881,27822,5011,6831327,103,Twitter for iPhone,Original tweet,https://t.co/u1XPQMl29g
12,889665388333682689,48177,10151,6831327,103,Twitter for iPhone,Original tweet,https://t.co/BxvuXk0UCm
13,889638837579907072,27205,4584,6831327,103,Twitter for iPhone,Original tweet,https://t.co/f8dEDcrKSR
14,889531135344209921,15115,2255,6831327,103,Twitter for iPhone,Original tweet,https://t.co/Ya3bdfYuCx
15,889278841981685760,25328,5480,6831118,103,Twitter for iPhone,Original tweet,https://t.co/qw5xRwBaIv
16,888917238123831296,29117,4536,6831327,103,Twitter for iPhone,Original tweet,https://t.co/chxruIOUJN
17,888804989199671297,25619,4383,6831327,103,Twitter for iPhone,Original tweet,https://t.co/L5cCoR2huQ
18,888554962724278272,19937,3615,6831327,103,Twitter for iPhone,Original tweet,https://t.co/YnYAFCTTiK
19,888078434458587136,21780,3527,6831327,103,Twitter for iPhone,Original tweet,https://t.co/UibDBnVpvR
20,887705289381826560,30220,5437,6831327,103,Twitter for iPhone,Original tweet,https://t.co/m7BR4JgDrZ
21,887517139158093824,46293,11759,6831327,103,Twitter for iPhone,Original tweet,https://t.co/20VrLAA8ba
22,887473957103951883,69214,18396,6831327,103,Twitter for iPhone,Original tweet,https://t.co/cLyzpcUcMX
23,887343217045368832,33731,10495,6831118,103,Twitter for iPhone,Original tweet,https://t.co/WZqNqygEyV
24,887101392804085760,30577,6006,6831327,103,Twitter for iPhone,Original tweet,https://t.co/UgW2xbO7Rg
25,886983233522544640,35199,7833,6831327,103,Twitter for iPhone,Original tweet,https://t.co/I6oNy0CgiT
26,886736880519319552,12086,3324,6831327,103,Twitter for iPhone,Original tweet,https://t.co/RipKYZ0T1u
27,886680336477933568,22458,4508,6831327,103,Twitter for iPhone,Original tweet,https://t.co/BCoWue0abA
28,886366144734445568,21158,3208,6831327,103,Twitter for iPhone,Original tweet,https://t.co/iIu3AF8IWH
29,886267009285017600,116,4,6831327,103,Twitter for iPhone,Original tweet,n
30,886258384151887873,28005,6344,6831327,103,Twitter for iPhone,Original tweet,https://t.co/xZDA9Qsq1O
31,886054160059072513,0,104,6831327,103,Twitter for iPhone,This is a retweet,This is a retweet
32,885984800019947520,32751,6866,6831327,103,Twitter for iPhone,Original tweet,https://t.co/lWeeGBBXmE
33,885528943205470208,36056,6494,6831327,103,Twitter for iPhone,Original tweet,https://t.co/tp1kQ8i9JF
34,885518971528720385,20450,3791,6831327,103,Twitter for iPhone,Original tweet,https://t.co/gzLHboL7Sk
35,885311592912609280,0,18734,6831327,103,Twitter for iPhone,This is a retweet,This is a retweet
36,885167619883638784,21977,4420,6831327,103,Twitter for iPhone,Original tweet,https://t.co/JMU4y341NB
37,884925521741709313,77663,18609,6831327,103,Twitter for iPhone,Original tweet,https://t.co/MYJvdlNRVa
38,884876753390489601,27971,5841,6831327,103,Twitter for iPhone,Original tweet,https://t.co/DbNzLkDIxh
39,884562892145688576,24324,4917,6831327,103,Twitter for iPhone,Original tweet,https://t.co/1r4MFCbCX5
40,884441805382717440,27026,5704,6831327,103,Twitter for iPhone,Original tweet,https://t.co/JkL9KmUt8X
41,884247878851493888,73126,20627,6831327,103,Twitter for iPhone,Original tweet,https://t.co/uF3pQ8Wubj
42,884162670584377345,20407,3016,6831327,103,Twitter for iPhone,Original tweet,https://t.co/KcQj5mNR4m
43,883838122936631299,21926,3478,6831327,103,Twitter for iPhone,Original tweet,https://t.co/zrf7IQnlHI
44,883482846933004288,46019,10051,6831327,103,Twitter for iPhone,Original tweet,https://t.co/qjrljjt948
45,883360690899218434,22586,3716,6831327,103,Twitter for iPhone,Original tweet,https://t.co/vAdjP5ANuJ
46,883117836046086144,37267,6738,6831327,103,Twitter for iPhone,Original tweet,https://t.co/Se5fZ9wp5E
47,882992080364220416,23978,3960,6831327,103,Twitter for iPhone,Original tweet,https://t.co/tyER0KpdXj
48,882762694511734784,28357,4974,6831327,103,Twitter for iPhone,Original tweet,https://t.co/D43I96SlVu
49,882627270321602560,27925,6155,6831327,103,Twitter for iPhone,Original tweet,https://t.co/KoU1kxPBcn
50,882268110199369728,45036,11719,6831327,103,Twitter for iPhone,Original tweet,https://t.co/fYP5RlutfA
51,882045870035918850,29406,5039,6831327,103,Twitter for iPhone,Original tweet,https://t.co/cj0lK9TLUv
52,881906580714921986,24334,3424,6831327,103,Twitter for iPhone,Original tweet,https://t.co/503CgWbhxQ
53,881666595344535552,50631,10788,6831327,103,Twitter for iPhone,Original tweet,https://t.co/7CSWCl8I6s
54,881633300179243008,128,7,6831327,103,Twitter for iPhone,Original tweet,s
55,881536004380872706,49543,16152,6831327,103,Twitter for iPhone,Original tweet,https://t.co/w1FVZz0JFM
56,881268444196462592,23105,5202,6831327,103,Twitter for iPhone,Original tweet,https://t.co/J4Q5YjzLH0
57,880935762899988482,17031,2805,6831327,103,Twitter for iPhone,Original tweet,https://t.co/D0wb1GlKAt
58,880872448815771648,21331,3857,6831327,103,Twitter for iPhone,Original tweet,https://t.co/1nxJLhk0Sd
59,880465832366813184,28572,6354,6831327,103,Twitter for iPhone,Original tweet,https://t.co/4VsFysDmiw
60,880221127280381952,27119,4278,6831327,103,Twitter for iPhone,Original tweet,https://t.co/fUod0tVmvK
61,880095782870896641,27666,4405,6831327,103,Twitter for iPhone,Original tweet,https://t.co/yxYE3cWcCP
62,879862464715927552,22343,3533,6831328,103,Twitter for iPhone,Original tweet,https://t.co/Qh5aEkRQm9
63,879674319642796034,314,10,6831328,103,Twitter for iPhone,Original tweet,d
64,879492040517615616,23436,3219,6831328,103,Twitter for iPhone,Original tweet,https://t.co/IxM9IMKQq8
65,879415818425184262,106074,44652,6831328,103,Twitter for iPhone,Original tweet,https://t.co/UDT7ZkcTgY
66,879376492567855104,16788,3152,6831328,103,Twitter for iPhone,Original tweet,https://t.co/RqUrIisQta
67,879130579576475649,0,6922,6831328,103,Twitter for iPhone,This is a retweet,This is a retweet
68,879050749262655488,22628,4768,6831328,103,Twitter for iPhone,Original tweet,https://t.co/ffTAMZt2n7
69,879008229531029506,18996,2724,6831328,103,Twitter for iPhone,Original tweet,https://t.co/YDtpCjIPKN
70,878776093423087618,19409,4173,6831328,103,Twitter for iPhone,Original tweet,https://t.co/0Uxl9Gq7hN
71,878604707211726852,30336,7325,6831328,103,Twitter for iPhone,Original tweet,https://t.co/9uABQXgjwa
72,878404777348136964,0,1310,6831328,103,Twitter for iPhone,This is a retweet,This is a retweet
73,878316110768087041,0,6734,6831328,103,Twitter for iPhone,This is a retweet,This is a retweet
74,878281511006478336,7769,1310,6831328,103,Twitter for iPhone,Original tweet,https://t.co/5HuiInQveF
75,878057613040115712,42121,6922,6831328,103,Twitter for iPhone,Original tweet,https://t.co/cwtWnHMVpe
76,877736472329191424,80145,19414,6831328,103,Twitter for iPhone,Original tweet,https://t.co/lsPyyAiF1r
77,877611172832227328,0,81,6831328,103,Twitter for iPhone,This is a retweet,This is a retweet
78,877556246731214848,22807,3873,6831328,103,Twitter for iPhone,Original tweet,https://t.co/rc53DmRHwK
79,877316821321428993,27409,5243,6831328,103,Twitter for iPhone,Original tweet,https://t.co/tVXlmh3uX3
80,877201837425926144,27205,5672,6831328,103,Twitter for iPhone,Original tweet,https://t.co/kVwm88J6Yr
81,876838120628539392,20719,3409,6831328,103,Twitter for iPhone,Original tweet,https://t.co/zuDk9mBEMO
82,876537666061221889,23490,4671,6831328,103,Twitter for iPhone,Original tweet,https://t.co/ghfhFSYrMm
83,876484053909872640,18813,2434,6831328,103,Twitter for iPhone,Original tweet,https://t.co/ccBFQU5UWO
84,876120275196170240,27998,4762,6831328,103,Twitter for iPhone,Original tweet,https://t.co/9NqZV4WwyX
85,875747767867523072,25265,4356,6831328,103,Twitter for iPhone,Original tweet,https://t.co/XRwtpQiJ15
86,875144289856114688,21981,4996,6831328,103,Twitter for iPhone,Original tweet,https://t.co/wK0pt8Cnck
87,875097192612077568,27499,6133,6831328,103,Twitter for iPhone,Original tweet,https://t.co/PFp4MghzBW
88,875021211251597312,25552,4787,6831328,103,Twitter for iPhone,Original tweet,https://t.co/brCQoqc8AW
89,874680097055178752,27937,4714,6831328,103,Twitter for iPhone,Original tweet,https://t.co/lZhtizkURD
90,874434818259525634,0,15026,6831328,103,Twitter for iPhone,This is a retweet,This is a retweet
91,874296783580663808,26142,4183,6831328,103,Twitter for iPhone,Original tweet,https://t.co/0YplNnSMEm
92,874057562936811520,22728,4021,6831328,103,Twitter for iPhone,Original tweet,https://t.co/0MXV9ZDhS5
93,874012996292530176,34834,10644,6831328,103,Twitter for iPhone,Original tweet,https://t.co/jonYjPNmYx
94,873580283840344065,24359,4018,6831328,103,Twitter for iPhone,Original tweet,https://t.co/jbitZ0V20S
95,873337748698140672,0,1615,6831328,103,Twitter for iPhone,This is a retweet,This is a retweet
96,873213775632977920,7297,1615,6831328,103,Twitter for iPhone,Original tweet,https://t.co/CWPYZJvjrI
97,872967104147763200,27516,5505,6831328,103,Twitter for iPhone,Original tweet,https://t.co/8rpIJr9sAC
98,872820683541237760,14796,3763,6831328,103,Twitter for iPhone,Original tweet,https://t.co/M15eX8HhsR
99,872668790621863937,0,28,6831328,103,Twitter for iPhone,This is a retweet,This is a retweet
100,872620804844003328,20902,3781,6831328,103,Twitter for iPhone,Original tweet,https://t.co/lUcpnZDPz9
101,872486979161796608,40932,9184,6831329,103,Twitter for iPhone,Original tweet,https://t.co/xFWhrdMuTh
102,872261713294495745,34446,6459,6831329,103,Twitter for iPhone,Original tweet,https://t.co/iZPEmIPLLY
103,872122724285648897,34675,8294,6831329,103,Twitter for iPhone,Original tweet,https://t.co/l4qou61pKu
104,871879754684805121,38307,11473,6831329,103,Twitter for iPhone,Original tweet,https://t.co/vgvqHeVsE0
105,871762521631449091,20399,3553,6831329,103,Twitter for iPhone,Original tweet,https://t.co/NxsjNYcUBx
106,871515927908634625,20373,3529,6831329,103,Twitter for iPhone,Original tweet,https://t.co/1HZLp9TE6u
107,871166179821445120,0,5814,6831329,103,Twitter for iPhone,This is a retweet,This is a retweet
108,871102520638267392,21075,5610,6831329,103,Twitter for iPhone,Original tweet,https://t.co/AbBLh2FZCH
109,871032628920680449,22846,3891,6831329,103,Twitter for iPhone,Original tweet,https://t.co/ESmXMT4AxF
110,870804317367881728,33938,6369,6831329,103,Twitter for iPhone,Original tweet,https://t.co/oZ7H2eO79W
111,870726314365509632,120,3,6831329,103,Twitter for iPhone,Original tweet,s
112,870656317836468226,12552,2714,6831329,103,Twitter for iPhone,Original tweet,https://t.co/EHTUbra0oP
113,870374049280663552,83476,26902,6831329,103,Twitter for iPhone,Original tweet,https://t.co/6SWu4xkvDk
114,870308999962521604,22029,4261,6831329,103,Twitter for iPhone,Original tweet,https://t.co/LR0TT56LvT
115,870063196459192321,37057,8584,6831329,103,Twitter for iPhone,Original tweet,https://t.co/pf6BEpgCfo
116,869772420881756160,42866,10327,6831329,103,Twitter for iPhone,Original tweet,https://t.co/HciEaJkC4D
117,869702957897576449,28570,6507,6831329,103,Twitter for iPhone,Original tweet,https://t.co/RjBqu7O8Yw
118,869596645499047938,16169,3221,6831329,103,Twitter for iPhone,Original tweet,https://t.co/8UTtgmsPdl
119,869227993411051520,20681,3902,6831329,103,Twitter for iPhone,Original tweet,https://t.co/2lERR4Uoyt
120,868880397819494401,66493,14954,6831329,103,Twitter for iPhone,Original tweet,https://t.co/r28jFx9uyF
121,868639477480148993,0,2161,6831329,103,Twitter for iPhone,This is a retweet,This is a retweet
122,868622495443632128,27602,5946,6831329,103,Twitter for iPhone,Original tweet,https://t.co/yeaH8Ej5eM
123,868552278524837888,10315,2161,6831329,103,Twitter for iPhone,Original tweet,https://t.co/0xI8JbHfLa
124,867900495410671616,24523,4308,6831329,103,Twitter for iPhone,Original tweet,https://t.co/DI5BnH6c3G
125,867774946302451713,34499,7566,6831329,103,Twitter for iPhone,Original tweet,https://t.co/ZYg3NZGICa
126,867421006826221569,16409,2599,6831329,103,Twitter for iPhone,Original tweet,https://t.co/nqhQ44KnQL
127,867072653475098625,0,131,6831329,103,Twitter for iPhone,This is a retweet,This is a retweet
128,867051520902168576,32777,8155,6831329,103,Twitter for iPhone,Original tweet,https://t.co/Qk5Xvus2gJ
129,866720684873056260,20446,5006,6831329,103,Twitter for iPhone,Original tweet,https://t.co/Q8mVwWN3f4
130,866686824827068416,19687,3618,6831329,103,Twitter for iPhone,Original tweet,https://t.co/PSJxrMtzCu
131,866450705531457537,124509,36549,6831329,103,Twitter for iPhone,Original tweet,https://t.co/wk7TfysWHr
132,866334964761202691,53592,15026,6831329,103,Twitter for iPhone,Original tweet,https://t.co/W86h5dgR6c
133,866094527597207552,0,8680,6831329,103,Twitter for iPhone,This is a retweet,This is a retweet
134,865718153858494464,26088,5815,6831329,103,Twitter for iPhone,Original tweet,https://t.co/EzSWgvFLSD
135,865359393868664832,27000,5205,6831329,103,Twitter for iPhone,Original tweet,https://t.co/SOuLinJPxm
136,865006731092295680,28551,7972,6831329,103,Twitter for iPhone,Original tweet,https://t.co/PkOCMFCY5U
137,864873206498414592,32979,9069,6831329,103,Twitter for iPhone,Original tweet,https://t.co/0ryaeQJlsv
138,864279568663928832,14923,3166,6831329,103,Twitter for iPhone,Original tweet,https://t.co/286ea8nY0m
139,864197398364647424,30832,9318,6831329,103,Twitter for iPhone,Original tweet,https://t.co/cPq9fYvkzr
140,863907417377173506,21065,4305,6831329,103,Twitter for iPhone,Original tweet,https://t.co/U6bao5cpeB
141,863553081350529029,15616,4345,6831329,103,Twitter for iPhone,Original tweet,https://t.co/tordvmaaop
142,863471782782697472,0,2579,6831329,103,Twitter for iPhone,This is a retweet,This is a retweet
143,863432100342583297,24332,5488,6831329,103,Twitter for iPhone,Original tweet,https://t.co/8yDrJVW4V6
144,863427515083354112,2314,101,6831329,103,Twitter for iPhone,Original tweet,0
145,863079547188785154,8964,1147,6831329,103,Twitter for iPhone,Original tweet,https://t.co/zghdwwB2nL
146,863062471531167744,8741,2579,6831329,103,Twitter for iPhone,Original tweet,https://t.co/G471HWPXet
147,862831371563274240,19631,5287,6831329,103,Twitter for iPhone,Original tweet,https://t.co/bLy0kgX5n6
148,862722525377298433,17474,3689,6831329,103,Twitter for iPhone,Original tweet,https://t.co/RGMQzkgo9c
149,862457590147678208,21046,5183,6831329,103,Twitter for iPhone,Original tweet,https://t.co/5DPDPGiFMr
150,862096992088072192,76504,24339,6831329,103,Twitter for iPhone,Original tweet,https://t.co/nvZyyrp0kd
151,861383897657036800,36975,11167,6831329,103,Twitter for iPhone,Original tweet,https://t.co/QFRlbZw4Z1
152,861288531465048066,17633,4353,6831329,103,Twitter for iPhone,Original tweet,https://t.co/4LsQRyEp9j
153,861005113778896900,17163,3985,6831329,103,Twitter for iPhone,Original tweet,https://t.co/jH6EN9cEn6
154,860981674716409858,0,2256,6831329,103,Twitter for iPhone,This is a retweet,This is a retweet
155,860924035999428608,0,854,6831329,103,Twitter for iPhone,This is a retweet,This is a retweet
156,860563773140209665,7704,2256,6831329,103,Twitter for iPhone,Original tweet,https://t.co/xml5aIGWxv
157,860524505164394496,24232,5521,6831329,103,Twitter for iPhone,Original tweet,https://t.co/C2zHcNIu4I
158,860276583193509888,18779,3638,6831329,103,Twitter for iPhone,Original tweet,https://t.co/k5d7pFQVxx
159,860184849394610176,17145,6118,6831329,103,Twitter for iPhone,Original tweet,https://t.co/R2eI8bm9MI
160,860177593139703809,0,32384,6831329,103,Twitter for iPhone,This is a retweet,This is a retweet
161,859924526012018688,20070,4296,6831329,103,Twitter for iPhone,Original tweet,https://t.co/Tr1A1K5U9X
162,859851578198683649,15814,3667,6831329,103,Twitter for iPhone,Original tweet,https://t.co/748iOtO7w3
163,859607811541651456,19110,1653,6831329,103,Twitter for iPhone,Original tweet,https://t.co/GL6vzAbHrv
164,859196978902773760,92645,31760,6831329,103,Twitter for iPhone,Original tweet,https://t.co/r6huxnDPOZ
165,859074603037188101,34898,14286,6831329,103,Twitter for iPhone,Original tweet,https://t.co/lAySVN8EBp
166,858860390427611136,0,8544,6831329,103,Twitter for iPhone,This is a retweet,This is a retweet
167,858843525470990336,16002,3650,6831329,103,Twitter for iPhone,Original tweet,https://t.co/A1s7QG7tqa
168,858471635011153920,22157,5090,6831329,103,Twitter for iPhone,Original tweet,https://t.co/8jOC4zhNxy
169,858107933456039936,16213,3061,6831329,103,Twitter for iPhone,Original tweet,https://t.co/MmuKBs0kYD
170,857989990357356544,16614,2717,6831329,103,Twitter for iPhone,Original tweet,https://t.co/hM3GxwdhBn
171,857746408056729600,35331,11170,6831329,103,Twitter for iPhone,Original tweet,https://t.co/N3p4ePizgN
172,857393404942143489,6108,1720,6831329,103,Twitter for iPhone,Original tweet,https://t.co/n4Zydf45bT
173,857263160327368704,20645,4774,6831329,103,Twitter for iPhone,Original tweet,https://t.co/HtCrP7pEEC
174,857214891891077121,237,20,6831329,103,Twitter for iPhone,Original tweet,0
175,857062103051644929,0,179,6831329,103,Twitter for iPhone,This is a retweet,This is a retweet
176,857029823797047296,19538,4224,6831329,103,Twitter for iPhone,Original tweet,https://t.co/uMH5CLjXJu
177,856602993587888130,0,11295,6831329,103,Twitter for iPhone,This is a retweet,This is a retweet
178,856543823941562368,16827,3045,6831329,103,Twitter for iPhone,Original tweet,https://t.co/jHtBq0zSwB
179,856526610513747968,12222,1988,6831120,103,Twitter for iPhone,Original tweet,https://t.co/p1hBHCmWnA
180,856330835276025856,0,714,6831330,103,Twitter for iPhone,This is a retweet,This is a retweet
181,856288084350160898,534,17,6831330,103,Twitter for iPhone,Original tweet,https://t.co/ax4MDnXBhB
182,856282028240666624,28591,6677,6831330,103,Twitter for iPhone,Original tweet,https://t.co/tK2h7fEVOk
183,855862651834028034,361,28,6831330,103,Twitter for iPhone,Original tweet,h
184,855860136149123072,5130,1097,6831330,103,Twitter for iPhone,Original tweet,0
185,855857698524602368,12240,2244,6831330,103,Twitter for iPhone,Original tweet,https://t.co/sb73bV5Y7S
186,855851453814013952,47004,18717,6831331,103,Twitter for iPhone,Original tweet,https://t.co/ZM2gNEODrZ
187,855818117272018944,27547,5772,6831331,103,Twitter for iPhone,Original tweet,https://t.co/5BEjzT2Tth
188,855459453768019968,31056,8733,6831331,103,Twitter for iPhone,Original tweet,https://t.co/K3WzI8R77F
189,855245323840757760,0,6346,6831331,103,Twitter for iPhone,This is a retweet,This is a retweet
190,855138241867124737,0,49,6831331,103,Twitter for iPhone,This is a retweet,This is a retweet
191,854732716440526848,23731,6496,6831331,103,Twitter for iPhone,Original tweet,https://t.co/nJztIEON5s
192,854482394044301312,30490,7340,6831331,103,Twitter for iPhone,Original tweet,https://t.co/AL4Ahm1Rm5
193,854365224396361728,19646,5003,6831331,103,Twitter for iPhone,Original tweet,https://t.co/mdaQhhfpv6
194,854120357044912130,33240,7991,6831331,103,Twitter for iPhone,Original tweet,https://t.co/lXqbJhAYAk
195,854010172552949760,16844,3351,6831331,103,Twitter for iPhone,Original tweet,https://t.co/Z1kG7DmW0Z
196,853760880890318849,29812,6199,6831331,103,Twitter for iPhone,Original tweet,https://t.co/82vBKvbxNx
197,853639147608842240,36425,10869,6831331,103,Twitter for iPhone,Original tweet,https://t.co/wiQZIsaWUe
198,853299958564483072,16206,3815,6831331,103,Twitter for iPhone,Original tweet,https://t.co/zhSf7dfsMf
199,852936405516943360,0,2168,6831331,103,Twitter for iPhone,This is a retweet,This is a retweet
200,852912242202992640,9453,1976,6831331,103,Twitter for iPhone,Original tweet,https://t.co/Zeb96asAUl
201,852672615818899456,15615,2305,6831331,103,Twitter for iPhone,Original tweet,https://t.co/VlyBzOXHEW
202,852553447878664193,17138,3772,6831331,103,Twitter for iPhone,Original tweet,https://t.co/eGHVc68H90
203,852311364735569921,34685,10626,6831331,103,Twitter for iPhone,Original tweet,https://t.co/R9KX8eEq80
204,852226086759018497,20941,7334,6831331,103,Twitter Web Client,Original tweet,https://t.co/RM95BluXh5
205,852189679701164033,11995,1698,6831331,103,Twitter for iPhone,Original tweet,https://t.co/ZYzTMMCMxN
206,851953902622658560,0,10382,6831331,103,Twitter for iPhone,This is a retweet,This is a retweet
207,851861385021730816,0,23,6831331,103,Twitter for iPhone,This is a retweet,This is a retweet
208,851591660324737024,16993,3725,6831331,103,Twitter for iPhone,Original tweet,https://t.co/0Gf60Esegi
209,851464819735769094,25457,7615,6831331,103,Twitter for iPhone,Original tweet,https://t.co/ttNEXfVvAN
210,851224888060895234,21690,6169,6831331,103,Twitter for iPhone,Original tweet,https://t.co/ebGLkLA8bC
211,850753642995093505,32646,10033,6831331,103,Twitter for iPhone,Original tweet,https://t.co/Li4ELyFLtp
212,850380195714523136,13712,2818,6831331,103,Twitter for iPhone,Original tweet,https://t.co/qVVzFe9xaT
213,850333567704068097,3586,360,6831331,103,Twitter for iPhone,Original tweet,S
214,850145622816686080,17175,4129,6831331,103,Twitter for iPhone,Original tweet,https://t.co/PCX25VV78l
215,850019790995546112,21533,5294,6831331,103,Twitter for iPhone,Original tweet,https://t.co/ecb3LvExde
216,849776966551130114,32077,8222,6831331,103,Twitter for iPhone,Original tweet,https://t.co/JSflLuOMob
217,849668094696017920,0,5364,6831331,103,Twitter for iPhone,This is a retweet,This is a retweet
218,849412302885593088,16723,3390,6831331,103,Twitter for iPhone,Original tweet,https://t.co/Uq3ChFgWA3
219,849336543269576704,12045,2045,6831331,103,Twitter for iPhone,Original tweet,https://t.co/C6cLzHKtpG
220,849051919805034497,44723,9232,6831331,103,Twitter for iPhone,Original tweet,https://t.co/r6GjO6MbZz
221,848690551926992896,26590,4675,6831122,103,Twitter for iPhone,Original tweet,https://t.co/bR2UgZPzRE
222,848324959059550208,26114,4984,6831331,103,Twitter for iPhone,Original tweet,https://t.co/S5ugyHf7c0
223,848213670039564288,8629,811,6831331,103,Twitter for iPhone,Original tweet,t
224,848212111729840128,17262,3338,6831331,103,Twitter for iPhone,Original tweet,https://t.co/KUBZuymfjF
225,847978865427394560,0,3534,6831331,103,Twitter for iPhone,This is a retweet,This is a retweet
226,847971574464610304,0,465,6831331,103,Twitter for iPhone,This is a retweet,This is a retweet
227,847962785489326080,24810,5556,6831331,103,Twitter for iPhone,Original tweet,https://t.co/1G620DbMlY
228,847842811428974592,5800,1465,6831331,103,Twitter for iPhone,Original tweet,https://t.co/YrKQoI5Dde
229,847617282490613760,7408,456,6831331,103,Twitter for iPhone,Original tweet,0
230,847606175596138505,19811,3670,6831331,103,Twitter for iPhone,Original tweet,https://t.co/WTPBWT6Ux1
231,847251039262605312,21593,4654,6831331,103,Twitter for iPhone,Original tweet,https://t.co/zhbRIZQgnq
232,847157206088847362,21128,6361,6831331,103,Twitter for iPhone,Original tweet,https://t.co/Z4QpuSEvsc
233,847116187444137987,22664,3463,6831331,103,Twitter for iPhone,Original tweet,https://t.co/FoS7RUQGBI
234,846874817362120707,21258,4273,6831331,103,Twitter for iPhone,Original tweet,https://t.co/uaeFb7LCT9
235,846514051647705089,47326,12630,6831331,103,Twitter for iPhone,Original tweet,https://t.co/SIh5iOUSQh
236,846505985330044928,14985,3370,6831331,103,Twitter for iPhone,Original tweet,https://t.co/GJ8rozumsy
237,846153765933735936,33635,9864,6831331,103,Twitter for iPhone,Original tweet,https://t.co/a0CkS5ExFR
238,846139713627017216,32653,10697,6831331,103,Twitter for iPhone,Original tweet,https://t.co/4ctgpGcqAd
239,846042936437604353,16936,3137,6831331,103,Twitter for iPhone,Original tweet,https://t.co/0hLkztpiOW
240,845812042753855489,31061,9531,6831331,103,Twitter for iPhone,Original tweet,https://t.co/TLNexlqzXP
241,845677943972139009,26613,5208,6831331,103,Twitter for iPhone,Original tweet,https://t.co/R6xQ5n19T3
242,845397057150107648,8085,1989,6831331,103,Twitter for iPhone,Original tweet,https://t.co/V0oYQJp4Ei
243,845306882940190720,24742,5870,6831331,103,Twitter for iPhone,Original tweet,https://t.co/7mPCF4ZwEk
244,845098359547420673,0,8380,6831331,103,Twitter for iPhone,This is a retweet,This is a retweet
245,844979544864018432,14465,2824,6831331,103,Twitter for iPhone,Original tweet,https://t.co/a5OaJeRl9B
246,844973813909606400,16055,3509,6831331,103,Twitter for iPhone,Original tweet,https://t.co/7TWoMa3h5W
247,844704788403113984,41141,11295,6831331,103,Twitter for iPhone,Original tweet,https://t.co/wwKLUUt6dk
248,844580511645339650,17487,3424,6831331,103,Twitter for iPhone,Original tweet,https://t.co/FatDY8E0GO
249,844223788422217728,14464,2393,6831331,103,Twitter for iPhone,Original tweet,https://t.co/VI27R8R4nA
250,843981021012017153,16031,3189,6831331,103,Twitter for iPhone,Original tweet,https://t.co/Gu5wHx3CBd
251,843856843873095681,22732,5052,6831331,103,Twitter for iPhone,Original tweet,https://t.co/G0LD9dZhwh
252,843604394117681152,17938,2989,6831331,103,Twitter for iPhone,Original tweet,https://t.co/wHUElL84RC
253,843235543001513987,22851,6620,6831331,103,Twitter for iPhone,Original tweet,https://t.co/E1nJycIG61
254,842846295480000512,16159,3915,6831331,103,Twitter for iPhone,Original tweet,https://t.co/nFpNgCWWYs
255,842765311967449089,7175,1399,6831331,103,Twitter for iPhone,Original tweet,https://t.co/WSYSvm2ULO
256,842535590457499648,19239,3825,6831331,103,Twitter for iPhone,Original tweet,https://t.co/Tf0rh9ZgZe
257,842163532590374912,26067,6346,6831331,103,Twitter for iPhone,Original tweet,https://t.co/so1vpVVZX6
258,842115215311396866,14917,3307,6831331,103,Twitter for iPhone,Original tweet,https://t.co/iDK4OyQJoy
259,841833993020538882,0,16887,6831331,103,Twitter for iPhone,This is a retweet,This is a retweet
260,841680585030541313,27292,8489,6831331,103,Twitter for iPhone,Original tweet,https://t.co/bZpfsvJxI2
261,841439858740625411,13462,4028,6831331,103,Twitter for iPhone,Original tweet,https://t.co/lFivFHjdCU
262,841320156043304961,21030,5943,6831331,103,Twitter for iPhone,Original tweet,https://t.co/cEORXhwZ5K
263,841314665196081154,16930,5156,6831331,103,Twitter Web Client,Original tweet,https://t.co/ARXIaLUxgN
264,841077006473256960,24431,5814,6831331,103,Twitter for iPhone,Original tweet,https://t.co/XKJrmO4fAQ
265,840761248237133825,0,1925,6831331,103,Twitter for iPhone,This is a retweet,This is a retweet
266,840728873075638272,0,17798,6831331,103,Twitter for iPhone,This is a retweet,This is a retweet
267,840698636975636481,194,3,6831331,103,Twitter for iPhone,Original tweet,n
268,840696689258311684,13121,1085,6831331,103,Twitter for iPhone,Original tweet,https://t.co/2gclc1MNr7
269,840632337062862849,9579,1925,6831331,103,Twitter for iPhone,Original tweet,https://t.co/K0BVR0NyHn
270,840370681858686976,17563,5010,6831331,103,Twitter for iPhone,Original tweet,https://t.co/76iL7JUQdG
271,840268004936019968,20558,6292,6831331,103,Twitter for iPhone,Original tweet,https://t.co/JQT6a68X0D
272,839990271299457024,14340,2526,6831331,103,Twitter for iPhone,Original tweet,https://t.co/r7W1NbkOtr
273,839549326359670784,29399,8544,6831331,103,Twitter for iPhone,Original tweet,https://t.co/ESW7mcQeZV
274,839290600511926273,0,155,6831331,103,Twitter for iPhone,This is a retweet,This is a retweet
275,839239871831150596,29060,7203,6831331,103,Twitter for iPhone,Original tweet,https://t.co/JEXB9RwBmm
276,838952994649550848,20961,4382,6831331,103,Twitter for iPhone,Original tweet,https://t.co/ngAxYLVYHP
277,838921590096166913,11936,2284,6831331,103,Twitter for iPhone,Original tweet,https://t.co/oXVu9pNZZv
278,838916489579200512,0,37,6831331,103,Twitter for iPhone,This is a retweet,This is a retweet
279,838831947270979586,0,12204,6831331,103,Twitter for iPhone,This is a retweet,This is a retweet
280,838561493054533637,11659,1463,6831331,103,Twitter for iPhone,Original tweet,https://t.co/0tiRQreDkk
281,838476387338051585,24189,5311,6831331,103,Twitter for iPhone,Original tweet,https://t.co/51FXNuouHI
282,838201503651401729,0,11152,6831331,103,Twitter for iPhone,This is a retweet,This is a retweet
283,838150277551247360,1790,358,6831331,103,Twitter for iPhone,Original tweet,0
284,838085839343206401,149,0,6831331,103,Twitter for iPhone,Original tweet,0
285,838083903487373313,18848,3466,6831331,103,Twitter for iPhone,Original tweet,https://t.co/meUc8jufAO
286,837820167694528512,36564,8680,6831331,103,Twitter for iPhone,Original tweet,https://t.co/ORiK6jlgdH
287,837482249356513284,4114,488,6831331,103,Twitter for iPhone,Original tweet,https://t.co/W68fzRDWlX
288,837471256429613056,13704,2549,6831330,103,Twitter for iPhone,Original tweet,https://t.co/8hIndhskzN
289,837366284874571778,22616,5835,6831330,103,Twitter for iPhone,Original tweet,https://t.co/uNmxbL2lns
290,837110210464448512,17129,2644,6831330,103,Twitter for iPhone,Original tweet,https://t.co/7pUjwe8X6B
291,836989968035819520,13619,2535,6831331,103,Twitter for iPhone,Original tweet,https://t.co/3zM0xKWTwV
292,836753516572119041,20597,5088,6831331,103,Twitter for iPhone,Original tweet,https://t.co/zOUjCf39ZY
293,836677758902222849,13498,2450,6831331,103,Twitter for iPhone,Original tweet,https://t.co/RG3VPvE3qI
294,836648853927522308,0,607,6831331,103,Twitter for iPhone,This is a retweet,This is a retweet
295,836397794269200385,0,30441,6831331,103,Twitter for iPhone,This is a retweet,This is a retweet
296,836380477523124226,15749,3241,6831331,103,Twitter for iPhone,Original tweet,https://t.co/WiqIifrlvl
297,836260088725786625,22742,4731,6831331,103,Twitter for iPhone,Original tweet,https://t.co/HvDoCBWx7F
298,836001077879255040,20476,4754,6831331,103,Twitter for iPhone,Original tweet,https://t.co/1HkizgFqcy
299,835685285446955009,0,9041,6831331,103,Twitter for iPhone,This is a retweet,This is a retweet
300,835574547218894849,19079,4004,6831331,103,Twitter for iPhone,Original tweet,https://t.co/cVQEnUQd8q
301,835536468978302976,0,1878,6831331,103,Twitter for iPhone,This is a retweet,This is a retweet
302,835309094223372289,0,23255,6831331,103,Twitter for iPhone,This is a retweet,This is a retweet
303,835297930240217089,17549,3301,6831331,103,Twitter for iPhone,Original tweet,https://t.co/F2HeDUa4nd
304,835264098648616962,8322,1878,6831331,103,Twitter for iPhone,Original tweet,https://t.co/jzpoQR1MY0
305,835246439529840640,2234,81,6831331,103,Twitter for iPhone,Original tweet,o
306,835172783151792128,27996,6349,6831331,103,Twitter for iPhone,Original tweet,https://t.co/faYkZD4RKp
307,835152434251116546,24079,3349,6831331,103,Twitter for iPhone,Original tweet,https://t.co/YbEJPkg4Ag
308,834931633769889797,11614,1823,6831331,103,Twitter for iPhone,Original tweet,https://t.co/IUY7Kq26wm
309,834786237630337024,22621,6031,6831331,103,Twitter for iPhone,Original tweet,https://t.co/7qhRRXg79X
310,834574053763584002,14706,2801,6831332,103,Twitter for iPhone,Original tweet,https://t.co/UtEVnQ1ZPg
311,834477809192075265,0,11800,6831332,103,Twitter for iPhone,This is a retweet,This is a retweet
312,834458053273591808,10300,1852,6831332,103,Twitter for iPhone,Original tweet,https://t.co/1lT32uIJi6
313,834209720923721728,22113,5300,6831332,103,Twitter for iPhone,Original tweet,https://t.co/FaeinVjzTZ
314,834167344700198914,16890,4017,6831332,103,Twitter for iPhone,Original tweet,https://t.co/Lylt4DHCx5
315,834089966724603904,10778,2353,6831332,103,Twitter for iPhone,Original tweet,https://t.co/ffIH2WxwF0
316,834086379323871233,14001,2449,6831332,103,Twitter for iPhone,Original tweet,https://t.co/5KmXPIGgAG
317,833863086058651648,14380,2661,6831332,103,Twitter for iPhone,Original tweet,https://t.co/HDloTYilWZ
318,833826103416520705,16454,3805,6831332,103,Twitter for iPhone,Original tweet,https://t.co/qXD4qK1Vok
319,833732339549220864,0,241,6831332,103,Twitter for iPhone,This is a retweet,This is a retweet
320,833722901757046785,22181,3546,6831332,103,Twitter for iPhone,Original tweet,https://t.co/c7KSbGR413
321,833479644947025920,15959,2287,6831332,103,Twitter for iPhone,Original tweet,https://t.co/YGeSpyN8Gu
322,833124694597443584,21697,5364,6831123,103,Twitter for iPhone,Original tweet,https://t.co/qZPvwdZ3YH
323,832998151111966721,14292,2454,6831332,103,Twitter for iPhone,Original tweet,https://t.co/vhXGKjOSMz
324,832769181346996225,0,42,6831332,103,Twitter for iPhone,This is a retweet,This is a retweet
325,832757312314028032,18058,4013,6831332,103,Twitter for iPhone,Original tweet,https://t.co/FHSgdKvLFe
326,832682457690300417,12762,3265,6831332,103,Twitter for iPhone,Original tweet,https://t.co/8YlD5lxPbQ
327,832645525019123713,3142,575,6831332,103,Twitter Web Client,Original tweet,https://t.co/dp5h9bCwU7
328,832636094638288896,17046,3106,6831332,103,Twitter for iPhone,Original tweet,https://t.co/Y4DZx2UWsr
329,832397543355072512,12852,2473,6831332,103,Twitter for iPhone,Original tweet,https://t.co/EUvi1niszc
330,832369877331693569,18433,3534,6831332,103,Twitter for iPhone,Original tweet,https://t.co/Dhdx5HnQ4d
331,832273440279240704,12141,2590,6831332,103,Twitter for iPhone,Original tweet,https://t.co/Ag5f6nl8Tg
332,832215909146226688,0,6871,6831332,103,Twitter for iPhone,This is a retweet,This is a retweet
333,832215726631055365,0,10396,6831332,103,Twitter for iPhone,This is a retweet,This is a retweet
334,832088576586297345,72,2,6831332,103,Twitter for iPhone,Original tweet,5
335,832040443403784192,0,10800,6831332,103,Twitter for iPhone,This is a retweet,This is a retweet
336,832032802820481025,19211,5174,6831332,103,Twitter for iPhone,Original tweet,https://t.co/6vBLBkAq1G
337,831939777352105988,25821,6822,6831332,103,Twitter for iPhone,Original tweet,https://t.co/Q8LolvMddM
338,831926988323639298,366,36,6831332,103,Twitter for iPhone,Original tweet,0
339,831911600680497154,29755,7248,6831332,103,Twitter for iPhone,Original tweet,https://t.co/qHzbzFI7ui
340,831670449226514432,11234,2012,6831332,103,Twitter for iPhone,Original tweet,https://t.co/u6p4LxzHKg
341,831650051525054464,7727,2168,6831332,103,Twitter for iPhone,Original tweet,https://t.co/jcfRHUrToh
342,831552930092285952,9689,2555,6831332,103,Twitter for iPhone,Original tweet,https://t.co/IiB5fchBNM
343,831322785565769729,9867,1696,6831332,103,Twitter for iPhone,Original tweet,https://t.co/Xc0gyovCtK
344,831315979191906304,6992,1233,6831332,103,Twitter Web Client,Original tweet,https://t.co/6CpiTSMAFT
345,831309418084069378,12588,2707,6831332,103,Twitter for iPhone,Original tweet,https://t.co/CAFr8SiFl9
346,831262627380748289,12820,2280,6831332,103,Twitter for iPhone,Original tweet,https://t.co/zqR5XKMpuY
347,830956169170665475,8576,1674,6831332,103,Twitter for iPhone,Original tweet,https://t.co/X4vNEzAod5
348,830583320585068544,72047,18734,6831332,103,Twitter for iPhone,Original tweet,https://t.co/SATN4If5H5
349,830173239259324417,0,6343,6831332,103,Twitter for iPhone,This is a retweet,This is a retweet
350,830097400375152640,10588,3348,6831332,103,Twitter for iPhone,Original tweet,https://t.co/1hPFQL9xpK
351,829878982036299777,0,5583,6831332,103,Twitter for iPhone,This is a retweet,This is a retweet
352,829861396166877184,13181,2185,6831332,103,Twitter for iPhone,Original tweet,https://t.co/xeudgDXmTU
353,829501995190984704,34185,11800,6831332,103,Twitter for iPhone,Original tweet,https://t.co/hzjGiTmhgj
354,829449946868879360,11289,2264,6831332,103,Twitter for iPhone,Original tweet,https://t.co/LG1nEjcPqS
355,829374341691346946,37344,10382,6831332,103,Twitter for iPhone,Original tweet,https://t.co/xo7FZFIAao
356,829141528400556032,26415,8252,6831332,103,Twitter for iPhone,Original tweet,https://t.co/rHwfySggqR
357,829011960981237760,57100,18070,6831332,103,Twitter for iPhone,Original tweet,https://t.co/GBAOEZbHhN
358,828801551087042563,0,3785,6831332,103,Twitter for iPhone,This is a retweet,This is a retweet
359,828770345708580865,27553,6546,6831332,103,Twitter for iPhone,Original tweet,https://t.co/iiswSKWKPF
360,828708714936930305,39465,12492,6831332,103,Twitter for iPhone,Original tweet,https://t.co/WKw8mEljj2
361,828650029636317184,10264,1494,6831332,103,Twitter for iPhone,Original tweet,https://t.co/bZ4axuH6OK
362,828409743546925057,6767,1276,6831332,103,Twitter for iPhone,Original tweet,https://t.co/ZH5CvRlCxt
363,828408677031882754,8250,1426,6831332,103,Twitter for iPhone,Original tweet,https://t.co/Mt5tdEUlgy
364,828381636999917570,13616,2473,6831332,103,Twitter for iPhone,Original tweet,https://t.co/sPHZB0Hwf0
365,828376505180889089,7976,1184,6831332,103,Twitter for iPhone,Original tweet,https://t.co/HKBVZqXFNR
366,828372645993398273,13510,3256,6831332,103,Twitter for iPhone,Original tweet,https://t.co/aYBUiGornB
367,828361771580813312,2364,190,6831332,103,Twitter Web Client,Original tweet,n
368,828046555563323392,12694,3181,6831332,103,Twitter for iPhone,Original tweet,https://t.co/sD8LLJIDzZ
369,828011680017821696,11169,2386,6831332,103,Twitter for iPhone,Original tweet,https://t.co/RdsPvrhDUl
370,827933404142436356,21748,5827,6831332,103,Twitter for iPhone,Original tweet,https://t.co/8xoij73L2L
371,827653905312006145,16673,3344,6831332,103,Twitter for iPhone,Original tweet,https://t.co/0UTrm0dQfI
372,827600520311402496,8008,1053,6831332,103,Twitter for iPhone,Original tweet,https://t.co/Fx3mpICbFz
373,827324948884643840,17147,3409,6831332,103,Twitter for iPhone,Original tweet,https://t.co/oIRnxBH7mJ
374,827199976799354881,11429,2503,6831332,103,Twitter for iPhone,Original tweet,https://t.co/zV7A8OnKPV
375,826958653328592898,23330,5583,6831332,103,Twitter for iPhone,Original tweet,https://t.co/QV5nx6otZR
376,826848821049180160,39466,11463,6831332,103,Twitter for iPhone,Original tweet,https://t.co/9uuMrgrmsw
377,826615380357632002,0,4391,6831332,103,Twitter for iPhone,This is a retweet,This is a retweet
378,826598799820865537,5530,283,6831332,103,Twitter for iPhone,Original tweet,g
379,826598365270007810,10879,2618,6831332,103,Twitter for iPhone,Original tweet,https://t.co/YprN62Z74I
380,826476773533745153,19901,4684,6831332,103,Twitter for iPhone,Original tweet,https://t.co/qeIgYo9OLq
381,826240494070030336,14334,2889,6831332,103,Twitter for iPhone,Original tweet,https://t.co/srXL2s868C
382,826204788643753985,5267,1048,6831332,103,Twitter for iPhone,Original tweet,https://t.co/1httNYrCeW https://t.co/KvaM8j3jhX
383,826115272272650244,16944,3493,6831332,103,Twitter for iPhone,Original tweet,https://t.co/6gHoGah9nm
384,825876512159186944,11312,2088,6831332,103,Twitter for iPhone,Original tweet,https://t.co/feNwTq12S5
385,825829644528148480,13759,2779,6831332,103,Twitter for iPhone,Original tweet,https://t.co/YimNdkZrhM
386,825535076884762624,56242,19208,6831332,103,Twitter for iPhone,Original tweet,https://t.co/804eeysJkI
387,825147591692263424,19802,5111,6831332,103,Twitter for iPhone,Original tweet,https://t.co/AyBEmx56MD
388,825120256414846976,0,1440,6831332,103,Twitter for iPhone,This is a retweet,This is a retweet
389,825026590719483904,6881,1440,6831332,103,Twitter for iPhone,Original tweet,https://t.co/HGMMHsgGXm
390,824796380199809024,0,6129,6831332,103,Twitter for iPhone,This is a retweet,This is a retweet
391,824775126675836928,16202,3944,6831332,103,Twitter for iPhone,Original tweet,https://t.co/OEJq2JR8Ix
392,824663926340194305,10902,1943,6831332,103,Twitter for iPhone,Original tweet,https://t.co/A5Mx4h1FSM
393,824325613288833024,12753,11596,6831332,103,Twitter for iPhone,Original tweet,https://t.co/wBmc7OaGvS
394,824297048279236611,16268,4320,6831332,103,Twitter for iPhone,Original tweet,https://t.co/EmJbG0skLt
395,824025158776213504,5166,665,6831332,103,Twitter for iPhone,Original tweet,https://t.co/50qq2DItPW
396,823939628516474880,11530,3031,6831332,103,Twitter for iPhone,Original tweet,https://t.co/m0hrATIEyw
397,823719002937630720,0,12603,6831332,103,Twitter for iPhone,This is a retweet,This is a retweet
398,823699002998870016,13611,2700,6831332,103,Twitter for iPhone,Original tweet,https://t.co/RsMs6iThDO
399,823581115634085888,14112,2963,6831332,103,Twitter for iPhone,Original tweet,https://t.co/6F5Rrp472U
400,823333489516937216,758,29,6831332,103,Twitter for iPhone,Original tweet,0
401,823322678127919110,17067,4512,6831332,103,Twitter for iPhone,Original tweet,https://t.co/stkJ377KK7
402,823269594223824897,0,11043,6831333,103,Twitter for iPhone,This is a retweet,This is a retweet
403,822975315408461824,18753,3854,6831333,103,Twitter for iPhone,Original tweet,https://t.co/NXORbtoMpr
404,822872901745569793,143519,49193,6831333,103,Twitter for iPhone,Original tweet,https://t.co/nTz3FtorBc
405,822859134160621569,14302,2555,6831333,103,Twitter for iPhone,Original tweet,https://t.co/b2odGgBYBP
406,822647212903690241,0,7175,6831333,103,Twitter for iPhone,This is a retweet,This is a retweet
407,822610361945911296,16001,3317,6831333,103,Twitter for iPhone,Original tweet,https://t.co/irJJJr0gHz
408,822489057087389700,19678,7175,6831333,103,Twitter for iPhone,Original tweet,https://t.co/liJGwMp17E
409,822462944365645825,31044,16569,6831124,103,Twitter for iPhone,Original tweet,https://t.co/q5ulLHbQ5h
410,822244816520155136,38015,11043,6831333,103,Twitter for iPhone,Original tweet,https://t.co/rLi83ZyCL5
411,822163064745328640,0,5402,6831333,103,Twitter for iPhone,This is a retweet,This is a retweet
412,821886076407029760,12337,2630,6831333,103,Twitter for iPhone,Original tweet,https://t.co/djMep7mGkV
413,821813639212650496,0,3743,6831333,103,Twitter for iPhone,This is a retweet,This is a retweet
414,821765923262631936,9149,1864,6831333,103,Twitter for iPhone,Original tweet,https://t.co/maDNMETA52
415,821522889702862852,8696,1980,6831333,103,Twitter for iPhone,Original tweet,https://t.co/REgCuirOhe
416,821421320206483457,0,6266,6831333,103,Twitter for iPhone,This is a retweet,This is a retweet
417,821407182352777218,12808,4893,6831333,103,Twitter for iPhone,Original tweet,https://t.co/Xn5AQtiqzG
418,821153421864615936,276,10,6831333,103,Twitter for iPhone,Original tweet,e
419,821149554670182400,9489,2262,6831333,103,Twitter for iPhone,Original tweet,https://t.co/r8DxA8DYJ2
420,821107785811234820,10432,2391,6831333,103,Twitter for iPhone,Original tweet,https://t.co/NmJVp6Ls4N
421,821044531881721856,13717,2566,6831333,103,Twitter for iPhone,Original tweet,https://t.co/8whqFhaex4
422,820837357901512704,0,7503,6831333,103,Twitter for iPhone,This is a retweet,This is a retweet
423,820749716845686786,34284,11152,6831333,103,Twitter for iPhone,Original tweet,https://t.co/EMq8Ud6Ze1
424,820690176645140481,13263,3621,6831333,103,Twitter for iPhone,Original tweet,https://t.co/NIYC820tmd
425,820494788566847489,0,633,6831334,103,Twitter for iPhone,This is a retweet,This is a retweet
426,820446719150292993,0,2900,6831334,103,Twitter for iPhone,This is a retweet,This is a retweet
427,820314633777061888,3623,633,6831334,103,Twitter for iPhone,Original tweet,https://t.co/mtNwAQQEQ4
428,820078625395449857,21496,7045,6831334,103,Twitter for iPhone,Original tweet,https://t.co/wJZlpGFEbD
429,820013781606658049,0,1327,6831334,103,Twitter for iPhone,This is a retweet,This is a retweet
430,819952236453363712,5788,1327,6831334,103,Twitter for iPhone,Original tweet,https://t.co/3UFtdZEa0l
431,819924195358416896,13982,5435,6831335,103,Twitter for iPhone,Original tweet,https://t.co/XdRNXNYD4E
432,819711362133872643,14610,3520,6831335,103,Twitter for iPhone,Original tweet,https://t.co/m5fYxrO3IU
433,819588359383371776,10388,2209,6831335,103,Twitter for iPhone,Original tweet,https://t.co/52cItP0vIO
434,819347104292290561,7853,1348,6831335,103,Twitter for iPhone,Original tweet,https://t.co/YGAv4jBs5A
435,819238181065359361,2493,453,6831335,103,Twitter Web Client,Original tweet,https://t.co/MefMAZX2uv
436,819227688460238848,25110,7503,6831335,103,Twitter for iPhone,Original tweet,https://t.co/ii5eNX5LJT
437,819015337530290176,0,41059,6831335,103,Twitter for iPhone,This is a retweet,This is a retweet
438,819015331746349057,0,21182,6831335,103,Twitter for iPhone,This is a retweet,This is a retweet
439,819006400881917954,49025,21182,6831335,103,Twitter for iPhone,Original tweet,https://t.co/YOC1fHFCSb
440,819004803107983360,93777,41059,6831335,103,Twitter for iPhone,Original tweet,https://t.co/AdPKrI8BZ1
441,818646164899774465,0,23412,6831335,103,Twitter for iPhone,This is a retweet,This is a retweet
442,818627210458333184,24136,8350,6831335,103,Twitter for iPhone,Original tweet,https://t.co/I7bkhxBxUG
443,818614493328580609,10736,2897,6831335,103,Twitter for iPhone,Original tweet,https://t.co/FOF0hBDxP8
444,818588835076603904,0,6923,6831335,103,Twitter for iPhone,This is a retweet,This is a retweet
445,818536468981415936,11887,2785,6831335,103,Twitter for iPhone,Original tweet,https://t.co/rAtJLcwXVk
446,818307523543449600,0,9116,6831335,103,Twitter for iPhone,This is a retweet,This is a retweet
447,818259473185828864,11975,2558,6831335,103,Twitter for iPhone,Original tweet,https://t.co/rnkvT2kvib
448,818145370475810820,13386,2919,6831335,103,Twitter for iPhone,Original tweet,https://t.co/JlPug12E5Z
449,817908911860748288,5254,887,6831335,103,Twitter for iPhone,Original tweet,https://t.co/bbuKxk0fM8
450,817827839487737858,56451,30440,6831335,103,Twitter for iPhone,Original tweet,https://t.co/q2BgNIi3OA
451,817777686764523521,11639,2995,6831335,103,Twitter for iPhone,Original tweet,https://t.co/X67OOW0q2I
452,817536400337801217,12841,3407,6831335,103,Twitter for iPhone,Original tweet,https://t.co/tFqQLwSBiH
453,817502432452313088,0,3810,6831335,103,Twitter for iPhone,This is a retweet,This is a retweet
454,817423860136083457,37293,16887,6831126,103,Twitter for iPhone,Original tweet,https://t.co/btzf1zTDeQ
455,817415592588222464,6121,1081,6831335,103,Twitter for iPhone,Original tweet,https://t.co/dEyZso9D3z
456,817181837579653120,0,9566,6831335,103,Twitter for iPhone,This is a retweet,This is a retweet
457,817171292965273600,9497,2258,6831335,103,Twitter for iPhone,Original tweet,https://t.co/56uBP28eqw
458,817120970343411712,13211,2942,6831335,103,Twitter for iPhone,Original tweet,https://t.co/kCLgD8687T
459,817056546584727552,9326,1855,6831335,103,Twitter for iPhone,Original tweet,https://t.co/r6SLVN2VUH
460,816829038950027264,0,5313,6831335,103,Twitter for iPhone,This is a retweet,This is a retweet
461,816816676327063552,10883,2291,6831335,103,Twitter for iPhone,Original tweet,https://t.co/dVVavqpeF9
462,816697700272001025,10667,2472,6831335,103,Twitter for iPhone,Original tweet,https://t.co/WFt82XLyEF
463,816450570814898180,33307,9116,6831335,103,Twitter for iPhone,Original tweet,https://t.co/LIhmM7i70k
464,816336735214911488,9371,2201,6831335,103,Twitter for iPhone,Original tweet,https://t.co/nuJxtmlLcY
465,816091915477250048,9721,2421,6831335,103,Twitter for iPhone,Original tweet,https://t.co/tlfuZ25IMi
466,816062466425819140,0,1179,6831335,103,Twitter for iPhone,This is a retweet,This is a retweet
467,816014286006976512,0,5979,6831335,103,Twitter for iPhone,This is a retweet,This is a retweet
468,815990720817401858,5442,1179,6831335,103,Twitter for iPhone,Original tweet,https://t.co/bcVPkqufuu
469,815966073409433600,24501,9566,6831335,103,Twitter for iPhone,Original tweet,https://t.co/MiMKtsLN6k
470,815745968457060357,0,4646,6831335,103,Twitter for iPhone,This is a retweet,This is a retweet
471,815736392542261248,10709,2551,6831335,103,Twitter for iPhone,Original tweet,https://t.co/gd9UlLOCQ0
472,815639385530101762,8966,1849,6831335,103,Twitter for iPhone,Original tweet,https://t.co/bLZuOh9sKy
473,815390420867969024,11252,4276,6831335,103,Twitter for iPhone,Original tweet,https://t.co/9njRxyUd5L
474,814986499976527872,8322,1454,6831335,103,Twitter for iPhone,Original tweet,https://t.co/01vpuRDXQ8
475,814638523311648768,12284,3048,6831335,103,Twitter for iPhone,Original tweet,https://t.co/0LdNjoiNbv
476,814578408554463233,0,6553,6831335,103,Twitter for iPhone,This is a retweet,This is a retweet
477,814530161257443328,9450,2089,6831335,103,Twitter for iPhone,Original tweet,https://t.co/IOdgfnSE9G
478,814153002265309185,31342,9783,6831335,103,Twitter for iPhone,Original tweet,https://t.co/YIJo7X7K9J
479,813944609378369540,0,3634,6831335,103,Twitter for iPhone,This is a retweet,This is a retweet
480,813910438903693312,10123,2118,6831335,103,Twitter for iPhone,Original tweet,https://t.co/z1VRj1cYZf
481,813812741911748608,39614,15776,6831335,103,Twitter for iPhone,Original tweet,https://t.co/2LqNkbHRgt
482,813800681631023104,9103,1984,6831335,103,Twitter for iPhone,Original tweet,https://t.co/OuaVvVkwJ1
483,813217897535406080,20373,8206,6831335,103,Twitter for iPhone,Original tweet,https://t.co/DVYIZOnO81
484,813202720496779264,9996,2023,6831335,103,Twitter for iPhone,Original tweet,https://t.co/cD967DjnIn
485,813187593374461952,21640,4915,6831335,103,Twitter for iPhone,Original tweet,https://t.co/rvSANEsQZJ
486,813172488309972993,10188,2167,6831335,103,Twitter for iPhone,Original tweet,https://t.co/bxGwkJa2kE
487,813157409116065792,8438,2490,6831335,103,Twitter for iPhone,Original tweet,https://t.co/hwhCbhCjnV
488,813142292504645637,9174,2655,6831335,103,Twitter for iPhone,Original tweet,https://t.co/KK4XQK9SPi
489,813130366689148928,4869,499,6831335,103,Twitter for iPhone,Original tweet,0
490,813127251579564032,12949,3535,6831335,103,Twitter for iPhone,Original tweet,https://t.co/BzITyGw3JA
491,813112105746448384,11265,3108,6831335,103,Twitter for iPhone,Original tweet,https://t.co/zfdaGZlweq
492,813096984823349248,11470,4074,6831335,103,Twitter for iPhone,Original tweet,https://t.co/soNL00XWVu
493,813081950185472002,10775,3119,6831335,103,Twitter for iPhone,Original tweet,https://t.co/PjulYEXTvg
494,813066809284972545,8673,2187,6831335,103,Twitter for iPhone,Original tweet,https://t.co/syuTXARdtN
495,813051746834595840,22852,8242,6831335,103,Twitter for iPhone,Original tweet,https://t.co/AIMF8ouzvl
496,812781120811126785,8253,2152,6831335,103,Twitter for iPhone,Original tweet,https://t.co/lXFM1l22bG
497,812747805718642688,0,7827,6831335,103,Twitter for iPhone,This is a retweet,This is a retweet
498,812709060537683968,7223,1610,6831335,103,Twitter for iPhone,Original tweet,https://t.co/AbBDuGZUpp
499,812503143955202048,6647,1380,6831335,103,Twitter for iPhone,Original tweet,https://t.co/MCFrxiC7NZ
500,812466873996607488,8728,2170,6831335,103,Twitter for iPhone,Original tweet,https://t.co/BAJrfPvtux
501,812372279581671427,14940,4130,6831335,103,Twitter for iPhone,Original tweet,https://t.co/gCnAeL2mvT
502,811985624773361665,7941,1587,6831335,103,Twitter for iPhone,Original tweet,https://t.co/sIB5C6FDop
503,811744202451197953,8244,1820,6831335,103,Twitter for iPhone,Original tweet,https://t.co/TZkiQZqwA6
504,811647686436880384,6088,837,6831335,103,Twitter for iPhone,Original tweet,0
505,811627233043480576,13980,3537,6831335,103,Twitter for iPhone,Original tweet,https://t.co/IU8S0n4oxn
506,811386762094317568,22804,7213,6831335,103,Twitter for iPhone,Original tweet,https://t.co/aAUXzoxaBy
507,810984652412424192,5826,1609,6831335,103,Twitter for iPhone,Original tweet,https://t.co/1MI8h6XjMY
508,810896069567610880,9874,2015,6831335,103,Twitter for iPhone,Original tweet,https://t.co/PqJcGVZBx9
509,810657578271330305,11972,2976,6831335,103,Twitter for iPhone,Original tweet,https://t.co/MXd0AGDsRJ
510,810284430598270976,38752,12919,6831335,103,Twitter for iPhone,Original tweet,https://t.co/9p6ECXJMMu
511,810254108431155201,16041,3785,6831335,103,Twitter for iPhone,Original tweet,https://t.co/ElJPHbfSMy
512,809920764300447744,16898,4391,6831335,103,Twitter for iPhone,Original tweet,https://t.co/HIraYS1Bzo
513,809808892968534016,0,5538,6831335,103,Twitter for iPhone,This is a retweet,This is a retweet
514,809448704142938112,7570,1659,6831335,103,Twitter for iPhone,Original tweet,https://t.co/EMdnCugNbo
515,809220051211603969,21775,6343,6831335,103,Twitter for iPhone,Original tweet,https://t.co/2JjYys5zMP
516,809084759137812480,14418,3952,6831335,103,Twitter for iPhone,Original tweet,https://t.co/ySn6zB6mwQ
517,808838249661788160,11030,3426,6831335,103,Twitter for iPhone,Original tweet,https://t.co/Zrrcw29o13
518,808733504066486276,8624,2441,6831335,103,Twitter for iPhone,Original tweet,https://t.co/xQfrbNK3HD
519,808501579447930884,12326,2921,6831335,103,Twitter for iPhone,Original tweet,https://t.co/SQhyqrr8px
520,808344865868283904,46442,23412,6831335,103,Vine - Make a Scene,Original tweet,https://t.co/hfi264QwYM
521,808134635716833280,0,6732,6831335,103,Twitter for iPhone,This is a retweet,This is a retweet
522,808106460588765185,9520,2459,6831335,103,Twitter for iPhone,Original tweet,https://t.co/7nJXFt8Ggy
523,808001312164028416,13742,3983,6831335,103,Twitter for iPhone,Original tweet,https://t.co/O9iGgvfuzl
524,807621403335917568,15937,4153,6831335,103,Twitter for iPhone,Original tweet,https://t.co/gJQnfSziJE
525,807106840509214720,123108,61189,6831335,103,Twitter for iPhone,Original tweet,https://t.co/DkBYaCAg2d
526,807059379405148160,0,8281,6831335,103,Twitter for iPhone,This is a retweet,This is a retweet
527,807010152071229440,14233,4298,6831335,103,Twitter for iPhone,Original tweet,https://t.co/IARUfU6khr
528,806629075125202948,82253,39489,6831335,103,Twitter for iPhone,Original tweet,https://t.co/f1h2Fsalv9
529,806620845233815552,0,6224,6831335,103,Twitter for iPhone,This is a retweet,This is a retweet
530,806576416489959424,5286,2178,6831335,103,Twitter for iPhone,Original tweet,https://t.co/QrFkqgHR1G
531,806542213899489280,11156,2679,6831335,103,Twitter for iPhone,Original tweet,https://t.co/BCB87qUU0h
532,806242860592926720,0,13206,6831335,103,Twitter for iPhone,This is a retweet,This is a retweet
533,806219024703037440,7001,1353,6831335,103,Twitter for iPhone,Original tweet,https://t.co/7Mgf5xvIAQ
534,805958939288408065,0,6057,6831335,103,Twitter for iPhone,This is a retweet,This is a retweet
535,805932879469572096,9024,2142,6831335,103,Twitter for iPhone,Original tweet,https://t.co/3P9dKV5Me1
536,805826884734976000,7186,2067,6831335,103,Twitter for iPhone,Original tweet,https://t.co/SgpBVYIL18
537,805823200554876929,0,9101,6831335,103,Twitter for iPhone,This is a retweet,This is a retweet
538,805520635690676224,6263,1866,6831335,103,Twitter for iPhone,Original tweet,https://t.co/WNdOIm4bXy
539,805487436403003392,9572,2857,6831335,103,Twitter for iPhone,Original tweet,https://t.co/N83oNm5L9L
540,805207613751304193,8502,1916,6831335,103,Twitter for iPhone,Original tweet,https://t.co/lHy4Xbyhd9
541,804738756058218496,15018,4349,6831335,103,Twitter for iPhone,Original tweet,https://t.co/kQVQoOW9NZ
542,804475857670639616,6733,2271,6831335,103,Twitter for iPhone,Original tweet,https://t.co/LEZ8jR5txd
543,804413760345620481,0,3628,6831335,103,Twitter for iPhone,This is a retweet,This is a retweet
544,804026241225523202,48776,18303,6831335,103,Twitter for iPhone,Original tweet,https://t.co/U7FvBZo6Bq
545,803773340896923648,10987,3126,6831335,103,Twitter for iPhone,Original tweet,https://t.co/ZxeRjMKaWt
546,803692223237865472,0,8401,6831335,103,Twitter for iPhone,This is a retweet,This is a retweet
547,803638050916102144,12011,4681,6831335,103,Twitter for iPhone,Original tweet,https://t.co/ns9qoElfsX
548,803380650405482500,8460,2098,6831335,103,Twitter for iPhone,Original tweet,https://t.co/yPbCALoy2n
549,803321560782307329,0,6034,6831335,103,Twitter for iPhone,This is a retweet,This is a retweet
550,803276597545603072,10968,2786,6831335,103,Twitter for iPhone,Original tweet,https://t.co/jxQhxoPsgL
551,802952499103731712,9866,2262,6831335,103,Twitter for iPhone,Original tweet,https://t.co/yLm7hQ6UXh
552,802624713319034886,0,3303,6831335,103,Twitter for iPhone,This is a retweet,This is a retweet
553,802600418706604034,7780,1656,6831335,103,Vine - Make a Scene,Original tweet,https://t.co/urhl90ZE1O
554,802572683846291456,9777,2833,6831335,103,Twitter for iPhone,Original tweet,https://t.co/EFfLCP7oQv
555,802323869084381190,17766,6604,6831335,103,Twitter for iPhone,Original tweet,https://t.co/8Cbu9eKkfG
556,802265048156610565,6933,1532,6831335,103,Twitter for iPhone,Original tweet,https://t.co/9IxWAXFqze
557,802239329049477120,9918,2941,6831335,103,Twitter for iPhone,Original tweet,https://t.co/wG8NYg87Hw
558,802185808107208704,0,303,6831335,103,Twitter for iPhone,This is a retweet,This is a retweet
559,801958328846974976,8443,1928,6831335,103,Twitter for iPhone,Original tweet,https://t.co/4fY2bsAm65
560,801854953262350336,1923,263,6831335,103,Twitter for iPhone,Original tweet,C
561,801538201127157760,8951,2324,6831335,103,Twitter for iPhone,Original tweet,https://t.co/p1RD39XjUe
562,801285448605831168,6634,936,6831335,103,Twitter for iPhone,Original tweet,https://t.co/bC69RrW559
563,801167903437357056,26843,6732,6831335,103,Twitter for iPhone,Original tweet,https://t.co/R6wJyC2Tey
564,801127390143516673,0,4494,6831335,103,Twitter for iPhone,This is a retweet,This is a retweet
565,801115127852503040,8826,2357,6831335,103,Twitter for iPhone,Original tweet,https://t.co/A1hx5HKfQ6
566,800859414831898624,757,109,6831335,103,Twitter for iPhone,Original tweet,s
567,800855607700029440,0,1840,6831335,103,Twitter for iPhone,This is a retweet,This is a retweet
568,800751577355128832,11475,3127,6831336,103,Twitter for iPhone,Original tweet,https://t.co/4UwCTW3lXG
569,800513324630806528,14388,3397,6831336,103,Twitter for iPhone,Original tweet,https://t.co/ILHGs0e6Dm
570,800459316964663297,10340,2425,6831336,103,Twitter for iPhone,Original tweet,https://t.co/61sX7pW5Ca
571,800443802682937345,0,4895,6831336,103,Twitter for iPhone,This is a retweet,This is a retweet
572,800388270626521089,12207,3160,6831336,103,Twitter for iPhone,Original tweet,https://t.co/azMneS6Ly5
573,800188575492947969,0,4444,6831336,103,Twitter for iPhone,This is a retweet,This is a retweet
574,800141422401830912,16733,2900,6831336,103,Twitter for iPhone,Original tweet,https://t.co/pbKOesr8Tg
575,800018252395122689,31078,14905,6831336,103,Twitter for iPhone,Original tweet,https://t.co/gQqRBfkX4I
576,799774291445383169,0,5309,6831336,103,Twitter for iPhone,This is a retweet,This is a retweet
577,799757965289017345,9202,2441,6831336,103,Twitter for iPhone,Original tweet,https://t.co/OiH8PaOxB1
578,799422933579902976,8799,2157,6831336,103,Twitter for iPhone,Original tweet,https://t.co/cWlAEOZefY
579,799308762079035393,0,6266,6831336,103,Twitter for iPhone,This is a retweet,This is a retweet
580,799297110730567681,10847,3136,6831336,103,Twitter for iPhone,Original tweet,https://t.co/YDtZcAiMAf
581,799063482566066176,8852,2783,6831336,103,Twitter for iPhone,Original tweet,https://t.co/BXJFKOVnJm
582,798933969379225600,14417,5066,6831127,103,Twitter for iPhone,Original tweet,https://t.co/KJAKO2kXsL
583,798925684722855936,8115,1621,6831336,103,Twitter for iPhone,Original tweet,https://t.co/XzX91DfYVV
584,798705661114773508,0,7483,6831336,103,Twitter for iPhone,This is a retweet,This is a retweet
585,798701998996647937,0,8839,6831336,103,Twitter for iPhone,This is a retweet,This is a retweet
586,798697898615730177,0,7361,6831336,103,Twitter for iPhone,This is a retweet,This is a retweet
587,798694562394996736,0,5627,6831336,103,Twitter for iPhone,This is a retweet,This is a retweet
588,798686750113755136,0,2620,6831336,103,Twitter for iPhone,This is a retweet,This is a retweet
589,798682547630837760,0,5354,6831336,103,Twitter for iPhone,This is a retweet,This is a retweet
590,798673117451325440,0,6287,6831336,103,Twitter for iPhone,This is a retweet,This is a retweet
591,798665375516884993,0,4394,6831336,103,Twitter for iPhone,This is a retweet,This is a retweet
592,798644042770751489,0,2091,6831336,103,Twitter for iPhone,This is a retweet,This is a retweet
593,798628517273620480,0,2216,6831336,103,Twitter for iPhone,This is a retweet,This is a retweet
594,798585098161549313,0,6459,6831336,103,Twitter for iPhone,This is a retweet,This is a retweet
595,798576900688019456,0,6661,6831337,103,Twitter for iPhone,This is a retweet,This is a retweet
596,798340744599797760,0,3804,6831337,103,Twitter for iPhone,This is a retweet,This is a retweet
597,798209839306514432,11348,2880,6831337,103,Twitter for iPhone,Original tweet,https://t.co/jG1PAFkB81
598,797971864723324932,12757,3556,6831337,103,Twitter for iPhone,Original tweet,https://t.co/GRWPgNKt2z
599,797545162159308800,15888,5478,6831337,103,Twitter for iPhone,Original tweet,https://t.co/Ia19irLwyB
600,797236660651966464,21899,7489,6831338,103,Twitter for iPhone,Original tweet,https://t.co/6kqsAjJNhi
601,797165961484890113,251,32,6831338,103,Twitter for iPhone,Original tweet,😉
602,796904159865868288,0,10085,6831338,103,Twitter for iPhone,This is a retweet,This is a retweet
603,796865951799083009,8397,2144,6831338,103,Twitter for iPhone,Original tweet,https://t.co/Jgnuiyvq06
604,796759840936919040,12994,3458,6831338,103,Twitter for iPhone,Original tweet,https://t.co/6hx7ur6sNI
605,796563435802726400,0,8280,6831338,103,Twitter for iPhone,This is a retweet,This is a retweet
606,796484825502875648,8297,1991,6831338,103,Twitter for iPhone,Original tweet,https://t.co/bvkkqOjNDV
607,796387464403357696,12072,4707,6831338,103,Twitter for iPhone,Original tweet,https://t.co/CE3SrCv6L3
608,796177847564038144,0,16187,6831338,103,Twitter for iPhone,This is a retweet,This is a retweet
609,796149749086875649,35456,16187,6831338,103,Twitter for iPhone,Original tweet,https://t.co/y5KarNXWXt
610,796125600683540480,5415,2018,6831338,103,Twitter for iPhone,Original tweet,https://t.co/a18mzkhTf6
611,796116448414461957,9940,2735,6831338,103,Twitter for iPhone,Original tweet,https://t.co/7i0bDMbrVN
612,796080075804475393,9250,2616,6831338,103,Twitter for iPhone,Original tweet,https://t.co/opoXKxmfFm
613,796031486298386433,11827,4174,6831338,103,Twitter for iPhone,Original tweet,https://t.co/PbgvuD0qIL
614,795464331001561088,54590,26929,6831338,103,Twitter for iPhone,Original tweet,https://t.co/gBUDjdEcqz
615,795400264262053889,11062,3236,6831338,103,Twitter for iPhone,Original tweet,https://t.co/2H4MfOGlpQ
616,795076730285391872,17774,6129,6831338,103,Twitter for iPhone,Original tweet,https://t.co/ivPWhspN3E
617,794983741416415232,0,3813,6831338,103,Twitter for iPhone,This is a retweet,This is a retweet
618,794926597468000259,11258,2616,6831338,103,Twitter for iPhone,Original tweet,https://t.co/XRPvTPF0VH
619,794355576146903043,0,11637,6831338,103,Twitter for iPhone,This is a retweet,This is a retweet
620,794332329137291264,10461,2988,6831338,103,Twitter for iPhone,Original tweet,https://t.co/yF6kcAT3gx
621,794205286408003585,10087,3760,6831338,103,Twitter for iPhone,Original tweet,https://t.co/6vnu1aYjbU
622,793962221541933056,18458,5538,6831338,103,Twitter for iPhone,Original tweet,https://t.co/xIfrsMNLBR
623,793845145112371200,10073,2119,6831338,103,Twitter for iPhone,Original tweet,https://t.co/2Xo19aPrG5
624,793614319594401792,0,3533,6831338,103,Twitter for iPhone,This is a retweet,This is a retweet
625,793601777308463104,8729,1849,6831338,103,Twitter for iPhone,Original tweet,https://t.co/LhzPWv6rTv
626,793500921481273345,11713,2694,6831338,103,Twitter for iPhone,Original tweet,https://t.co/aF5MmpvPqN
627,793286476301799424,26980,10396,6831338,103,Twitter for iPhone,Original tweet,https://t.co/rLHGx3VAF3
628,793271401113350145,9455,2666,6831338,103,Twitter for iPhone,Original tweet,https://t.co/NA1VR1PkjD
629,793256262322548741,21880,9412,6831338,103,Twitter for iPhone,Original tweet,https://t.co/BNy9IIJMb0
630,793241302385262592,11545,3710,6831338,103,Twitter for iPhone,Original tweet,https://t.co/Ap477GhwXt
631,793226087023144960,10768,3228,6831338,103,Twitter for iPhone,Original tweet,https://t.co/K4dvelOMsM
632,793210959003287553,9783,3190,6831338,103,Twitter for iPhone,Original tweet,https://t.co/etL8FHBrh8
633,793195938047070209,16730,6345,6831338,103,Twitter for iPhone,Original tweet,https://t.co/YSi6K1firY
634,793180763617361921,7574,2241,6831338,103,Twitter for iPhone,Original tweet,https://t.co/2VhmlwxA1Q
635,793165685325201412,10294,3146,6831338,103,Twitter for iPhone,Original tweet,https://t.co/cXDCGTiL1x
636,793150605191548928,6759,1930,6831338,103,Twitter for iPhone,Original tweet,https://t.co/3lE8Izgmkf
637,793135492858580992,7069,2803,6831338,103,Twitter for iPhone,Original tweet,https://t.co/PrgvOyPtDT
638,793120401413079041,13897,4405,6831338,103,Twitter for iPhone,Original tweet,https://t.co/asFvEjQQsl
639,792913359805018113,15730,4545,6831338,103,Twitter for iPhone,Original tweet,https://t.co/LRyMrU7Wfq
640,792883833364439040,12390,4828,6831338,103,Twitter for iPhone,Original tweet,https://t.co/v17mFm0Ftz
641,792773781206999040,8040,1900,6831338,103,Twitter for iPhone,Original tweet,https://t.co/RhaPExuxJL
642,792394556390137856,14787,4847,6831338,103,Twitter for iPhone,Original tweet,https://t.co/of0pFNBIl8
643,792050063153438720,7861,2030,6831338,103,Twitter for iPhone,Original tweet,https://t.co/kte5KPffQj
644,791821351946420224,0,23759,6831338,103,Twitter for iPhone,This is a retweet,This is a retweet
645,791784077045166082,0,10933,6831338,103,Twitter for iPhone,This is a retweet,This is a retweet
646,791780927877898241,0,4292,6831338,103,Twitter for iPhone,This is a retweet,This is a retweet
647,791774931465953280,49376,25128,6831338,103,Vine - Make a Scene,Original tweet,https://t.co/roqIxCvEB3
648,791672322847637504,12862,3533,6831338,103,Twitter for iPhone,Original tweet,https://t.co/O5IUmRHRIh
649,791406955684368384,14382,4646,6831338,103,Twitter for iPhone,Original tweet,https://t.co/zoWrqNMHrl
650,791312159183634433,9624,2865,6831338,103,Twitter for iPhone,Original tweet,https://t.co/GGJvxYt3xK
651,791026214425268224,0,4666,6831338,103,Twitter for iPhone,This is a retweet,This is a retweet
652,790987426131050500,10845,2413,6831338,103,Twitter for iPhone,Original tweet,https://t.co/Eno0mypHIr
653,790946055508652032,18195,5313,6831338,103,Twitter for iPhone,Original tweet,https://t.co/dgvTPZ9tgI
654,790723298204217344,0,2620,6831338,103,Twitter for iPhone,This is a retweet,This is a retweet
655,790698755171364864,8989,2151,6831338,103,Twitter for iPhone,Original tweet,https://t.co/IiiBq460I7
656,790581949425475584,22647,8091,6831338,103,Twitter for iPhone,Original tweet,https://t.co/Fd5WFDTMH4
657,790337589677002753,8567,2106,6831338,103,Twitter for iPhone,Original tweet,https://t.co/ovE2hqXryV
658,790277117346975746,13756,3634,6831338,103,Twitter for iPhone,Original tweet,https://t.co/aI7umZHIq7
659,790227638568808452,0,4051,6831338,103,Twitter for iPhone,This is a retweet,This is a retweet
660,789986466051088384,10138,2620,6831338,103,Twitter for iPhone,Original tweet,https://t.co/Ln89R4FP7v
661,789960241177853952,0,4693,6831338,103,Twitter for iPhone,This is a retweet,This is a retweet
662,789903600034189313,11392,4674,6831338,103,Vine - Make a Scene,Original tweet,https://t.co/P0kSN6rT6H
663,789628658055020548,8256,2010,6831338,103,Twitter for iPhone,Original tweet,https://t.co/huPSJJ7FDI
664,789599242079838210,7431,2185,6831338,103,Twitter for iPhone,Original tweet,https://t.co/0R4meWXFOx
665,789530877013393408,12875,3813,6831338,103,Twitter for iPhone,Original tweet,https://t.co/TU4sZogVIq
666,789314372632018944,9433,2607,6831338,103,Twitter for iPhone,Original tweet,https://t.co/G2ms0A5jWM
667,789280767834746880,0,5595,6831338,103,Twitter for iPhone,This is a retweet,This is a retweet
668,789268448748703744,9991,2925,6831338,103,Twitter for iPhone,Original tweet,https://t.co/JSs2bfDtTS
669,789137962068021249,10637,3150,6831338,103,Twitter for iPhone,Original tweet,https://t.co/2jwxxtNzoN
670,788908386943430656,29985,14001,6831338,103,Twitter for iPhone,Original tweet,https://t.co/3BXh073tDm
671,788765914992902144,30032,11637,6831338,103,Twitter for iPhone,Original tweet,https://t.co/x5gXRS1abq
672,788552643979468800,0,8166,6831338,103,Twitter for iPhone,This is a retweet,This is a retweet
673,788412144018661376,17093,5990,6831338,103,Twitter for iPhone,Original tweet,https://t.co/4DhSsC1W7S
674,788178268662984705,7920,2404,6831338,103,Twitter for iPhone,Original tweet,https://t.co/s7MgFWDySc
675,788150585577050112,6737,1472,6831338,103,Twitter for iPhone,Original tweet,https://t.co/xosHjFzVXc
676,788070120937619456,0,3851,6831338,103,Twitter for iPhone,This is a retweet,This is a retweet
677,788039637453406209,6720,1493,6831338,103,Twitter for iPhone,Original tweet,https://t.co/lRmUUOxgbQ
678,787810552592695296,9501,3442,6831338,103,Twitter for iPhone,Original tweet,https://t.co/pNNjBtHWPc
679,787717603741622272,11174,3135,6831338,103,Twitter for iPhone,Original tweet,https://t.co/i622ZbWkUp
680,787397959788929025,11862,3194,6831338,103,Twitter for iPhone,Original tweet,https://t.co/lHVHGdDzb3
681,787322443945877504,8539,1972,6831338,103,Twitter for iPhone,Original tweet,https://t.co/lsrR83SiVp
682,787111942498508800,0,7561,6831338,103,Twitter for iPhone,This is a retweet,This is a retweet
683,786963064373534720,29077,9041,6831338,103,Twitter for iPhone,Original tweet,https://t.co/ibj5g6xaAj
684,786729988674449408,0,2735,6831338,103,Twitter for iPhone,This is a retweet,This is a retweet
685,786709082849828864,19893,6871,6831338,103,Twitter for iPhone,Original tweet,https://t.co/yBO5wuqaPS
686,786664955043049472,11687,2898,6831338,103,Twitter for iPhone,Original tweet,https://t.co/HmlEvAMP4r
687,786595970293370880,10283,3501,6831338,103,Twitter for iPhone,Original tweet,https://t.co/L8BWDD4oBX
688,786363235746385920,11932,3957,6831338,103,Twitter for iPhone,Original tweet,https://t.co/TVXpEJB7Wn
689,786286427768250368,8741,3239,6831338,103,Vine - Make a Scene,Original tweet,https://t.co/ObT2tSxXit
690,786233965241827333,16783,5402,6831338,103,Twitter for iPhone,Original tweet,https://t.co/2NsFXeX1Io
691,786051337297522688,1575,174,6831338,103,Twitter for iPhone,Original tweet,t
692,786036967502913536,0,7968,6831338,103,Twitter for iPhone,This is a retweet,This is a retweet
693,785927819176054784,12442,3557,6831338,103,Twitter for iPhone,Original tweet,https://t.co/lntsj7Fc4Y
694,785872687017132033,7311,2062,6831338,103,Twitter for iPhone,Original tweet,https://t.co/1j9kLGb4wV
695,785639753186217984,8537,2493,6831338,103,Twitter for iPhone,Original tweet,https://t.co/aBsZTpv6mM
696,785533386513321988,9977,2267,6831338,103,Twitter for iPhone,Original tweet,https://t.co/h4jhlH4EyG
697,785515384317313025,6666,1428,6831338,103,Twitter for iPhone,Original tweet,y
698,785264754247995392,7948,1849,6831338,103,Twitter for iPhone,Original tweet,https://t.co/mWYACm4qnx
699,785170936622350336,13237,5489,6831338,103,Twitter for iPhone,Original tweet,https://t.co/rKCJnWRpR2
700,784826020293709826,11101,3628,6831338,103,Twitter for iPhone,Original tweet,https://t.co/AsykOwMrXQ
701,784517518371221505,9813,2862,6831338,103,Twitter for iPhone,Original tweet,https://t.co/p6fgYe2dB6
702,784431430411685888,6210,1445,6831338,103,Twitter for iPhone,Original tweet,https://t.co/PHA1vtqqpt
703,784183165795655680,22008,9101,6831338,103,Vine - Make a Scene,Original tweet,https://t.co/t0cEeRbcXJ
704,784057939640352768,32721,12603,6831338,103,Vine - Make a Scene,Original tweet,https://t.co/T7Jr4Gw4sC
705,783839966405230592,32889,12204,6831338,103,Twitter for iPhone,Original tweet,https://t.co/KOTzaG7hiq
706,783821107061198850,8047,2217,6831338,103,Twitter for iPhone,Original tweet,https://t.co/STcPjiNAHp
707,783695101801398276,11402,3624,6831338,103,Twitter for iPhone,Original tweet,https://t.co/iwUv1KnD1P
708,783466772167098368,9261,2539,6831338,103,Twitter for iPhone,Original tweet,https://t.co/UAw6F2p7ta
709,783391753726550016,18474,6215,6831338,103,Twitter for iPhone,Original tweet,https://t.co/BO936YdJdi
710,783347506784731136,0,6329,6831338,103,Twitter for iPhone,This is a retweet,This is a retweet
711,783334639985389568,31960,13206,6831338,103,Twitter for iPhone,Original tweet,https://t.co/nfprKAXqwu
712,783085703974514689,8903,2494,6831338,103,Twitter for iPhone,Original tweet,https://t.co/IsqyvbjFgM
713,782969140009107456,26383,8281,6831338,103,Twitter for iPhone,Original tweet,https://t.co/vOBV1ZqVcX
714,782747134529531904,8147,1568,6831338,103,Twitter for iPhone,Original tweet,https://t.co/C6fUMnHt1H
715,782722598790725632,18854,6057,6831338,103,Twitter for iPhone,Original tweet,https://t.co/zrMVdfFej6
716,782598640137187329,8513,2117,6831129,103,Twitter for iPhone,Original tweet,https://t.co/BIUchFwHqn
717,782305867769217024,18210,6266,6831338,103,Twitter for iPhone,Original tweet,https://t.co/pgVKxRw0s1
718,782021823840026624,0,7025,6831338,103,Twitter for iPhone,This is a retweet,This is a retweet
719,781955203444699136,12117,3789,6831338,103,Twitter for iPhone,Original tweet,https://t.co/3eXbCXZXXT
720,781661882474196992,11409,3047,6831338,103,Twitter for iPhone,Original tweet,https://t.co/ELqelxWMrC
721,781655249211752448,4371,1256,6831338,103,Vine - Make a Scene,Original tweet,https://t.co/LOKrNo0OM7
722,781524693396357120,22677,6224,6831338,103,Twitter for iPhone,Original tweet,https://t.co/ya7bviQUUf
723,781308096455073793,7791,2865,6831338,103,Vine - Make a Scene,Original tweet,https://t.co/WQvcPEpH2u
724,781251288990355457,9231,2367,6831338,103,Twitter for iPhone,Original tweet,https://t.co/xIYsa6LPA4
725,781163403222056960,10663,3066,6831338,103,Twitter for iPhone,Original tweet,https://t.co/YkHc7U7uUy
726,780931614150983680,23617,8280,6831338,103,Twitter for iPhone,Original tweet,https://t.co/5dUYOu4b8d
727,780858289093574656,7847,2245,6831338,103,Twitter for iPhone,Original tweet,https://t.co/Ar4T1lFM5C
728,780800785462489090,6023,1459,6831338,103,Twitter for iPhone,Original tweet,https://t.co/KQzSR8eCsw
729,780601303617732608,13207,3743,6831338,103,Twitter for iPhone,Original tweet,https://t.co/mH0IOyFdIG
730,780543529827336192,6884,1953,6831338,103,Twitter for iPhone,Original tweet,https://t.co/VG095mi09Q
731,780496263422808064,0,4184,6831338,103,Twitter for iPhone,This is a retweet,This is a retweet
732,780476555013349377,0,133,6831338,103,Twitter for iPhone,This is a retweet,This is a retweet
733,780459368902959104,5768,1194,6831338,103,Twitter for iPhone,Original tweet,https://t.co/coi4l1T2Sm
734,780192070812196864,9510,2519,6831338,103,Twitter for iPhone,Original tweet,https://t.co/zHIqpM5Gni
735,780092040432480260,0,2584,6831338,103,Twitter for iPhone,This is a retweet,This is a retweet
736,780074436359819264,13386,5619,6831338,103,Vine - Make a Scene,Original tweet,https://t.co/dVm5Hgdpeb
737,779834332596887552,20778,7968,6831338,103,Twitter for iPhone,Original tweet,https://t.co/x0gV2Ck3AD
738,779377524342161408,9634,3506,6831338,103,Twitter for iPhone,Original tweet,https://t.co/KsqaIzlQ12
739,779124354206535695,0,20697,6831338,103,Twitter for iPhone,This is a retweet,This is a retweet
740,779123168116150273,12884,4093,6831338,103,Twitter for iPhone,Original tweet,https://t.co/uMfhduaate
741,779056095788752897,16152,5086,6831338,103,Twitter for iPhone,Original tweet,https://t.co/I1bJUzUEW5
742,778990705243029504,21847,8188,6831338,103,Twitter for iPhone,Original tweet,https://t.co/vyx1X5eyWI
743,778774459159379968,0,11195,6831338,103,Twitter for iPhone,This is a retweet,This is a retweet
744,778764940568104960,935,412,6831338,103,Twitter for iPhone,Original tweet,https://t.co/tird9cIlzB
745,778748913645780993,7531,1501,6831338,103,Twitter for iPhone,Original tweet,https://t.co/1dpEuALnY0
746,778650543019483137,6301,1680,6831338,103,Twitter for iPhone,Original tweet,https://t.co/SS4TsHlPUG
747,778624900596654080,5069,1137,6831338,103,Twitter for iPhone,Original tweet,https://t.co/0rRxyBQt32
748,778408200802557953,14868,4881,6831338,103,Twitter for iPhone,Original tweet,https://t.co/gJKD9pst5A
749,778396591732486144,0,13759,6831338,103,Twitter for iPhone,This is a retweet,This is a retweet
750,778383385161035776,6375,1233,6831338,103,Twitter for iPhone,Original tweet,https://t.co/zP1IvAATWv
751,778286810187399168,11312,3718,6831338,103,Twitter for iPhone,Original tweet,https://t.co/hhTfnPrWfb
752,778039087836069888,9240,2969,6831338,103,Twitter for iPhone,Original tweet,https://t.co/t8Y4x9DmVD
753,778027034220126208,7153,1825,6831337,103,Twitter for iPhone,Original tweet,https://t.co/PxjSmYHfYo
754,777953400541634568,0,3957,6831337,103,Twitter for iPhone,This is a retweet,This is a retweet
755,777885040357281792,6926,1845,6831337,103,Twitter for iPhone,Original tweet,https://t.co/pL7wbMRW7M
756,777684233540206592,12250,3303,6831337,103,Twitter for iPhone,Original tweet,https://t.co/SuXcI9B7pQ
757,777641927919427584,0,4789,6831337,103,Twitter for iPhone,This is a retweet,This is a retweet
758,777621514455814149,9539,2803,6831338,103,Twitter for iPhone,Original tweet,https://t.co/BnVTMtUeI3
759,777189768882946048,15593,4850,6831338,103,Twitter for iPhone,Original tweet,https://t.co/d3aLyCykn7
760,776819012571455488,0,15392,6831338,103,Twitter for iPhone,This is a retweet,This is a retweet
761,776813020089548800,5317,1357,6831338,103,Twitter for iPhone,Original tweet,https://t.co/nFqLaOLUQA
762,776477788987613185,9662,3148,6831338,103,Twitter for iPhone,Original tweet,https://t.co/iJE3F0VozW
763,776249906839351296,0,10302,6831338,103,Twitter for iPhone,This is a retweet,This is a retweet
764,776218204058357768,32695,17938,6831338,103,Twitter for iPhone,Original tweet,https://t.co/nzqTNw0744
765,776201521193218049,10454,2823,6831338,103,Twitter for iPhone,Original tweet,https://t.co/Pq150LeRaC
766,776113305656188928,12809,4895,6831338,103,Twitter for iPhone,Original tweet,https://t.co/FYT9QBEnKG
767,776088319444877312,2002,171,6831338,103,Twitter for iPhone,Original tweet,https://t.co/wOhuABgj6I
768,775898661951791106,0,17355,6831338,103,Twitter for iPhone,This is a retweet,This is a retweet
769,775842724423557120,12745,3010,6831338,103,Twitter for iPhone,Original tweet,https://t.co/saRYTcxQeH
770,775733305207554048,15079,4494,6831338,103,Twitter for iPhone,Original tweet,https://t.co/9CcBSxCXXG
771,775729183532220416,14072,5140,6831338,103,Twitter for iPhone,Original tweet,https://t.co/J39lT3b0rH
772,775364825476165632,8105,3351,6831338,103,Twitter for iPhone,Original tweet,https://t.co/7FNcBaKbci
773,775350846108426240,11053,4393,6831338,103,Vine - Make a Scene,Original tweet,https://t.co/2OmDMAkkou
774,775085132600442880,16932,5309,6831338,103,Twitter for iPhone,Original tweet,https://t.co/wdgY9oHPrT
775,774757898236878852,9290,1978,6831338,103,Twitter for iPhone,Original tweet,https://t.co/dS8SCbNF9P
776,774639387460112384,7316,1951,6831338,103,Twitter for iPhone,Original tweet,https://t.co/4s5Xlijogu
777,774314403806253056,23684,6266,6831338,103,Twitter for iPhone,Original tweet,https://t.co/7oQ1wpfxIH
778,773985732834758656,11689,4356,6831338,103,Twitter for iPhone,Original tweet,https://t.co/RFWtDqTnAz
779,773922284943896577,6956,1936,6831338,103,Twitter for iPhone,Original tweet,https://t.co/G56ikYAqFg
780,773704687002451968,7173,1835,6831338,103,Twitter for iPhone,Original tweet,https://t.co/OqNggd4Oio
781,773670353721753600,5794,1452,6831338,103,Twitter for iPhone,Original tweet,https://t.co/rA8WUVOLBr
782,773547596996571136,23996,6923,6831338,103,Twitter for iPhone,Original tweet,https://t.co/nBJ5RE4yHb
783,773336787167145985,0,5723,6831338,103,Twitter for iPhone,This is a retweet,This is a retweet
784,773308824254029826,25263,8380,6831338,103,Twitter for iPhone,Original tweet,https://t.co/0Fcft7jl4N
785,773247561583001600,10200,3588,6831338,103,Twitter for iPhone,Original tweet,https://t.co/hG5WYT9ECn
786,773191612633579521,10872,4603,6831338,103,Twitter for iPhone,Original tweet,https://t.co/9HEVPJEioD
787,772877495989305348,9345,4358,6831338,103,Twitter Web Client,Original tweet,https://t.co/qEP31epKEV
788,772826264096874500,8679,2604,6831338,103,Twitter for iPhone,Original tweet,https://t.co/7CQkn3gHOQ
789,772615324260794368,0,3774,6831339,103,Twitter for iPhone,This is a retweet,This is a retweet
790,772581559778025472,7047,1901,6831339,103,Twitter for iPhone,Original tweet,https://t.co/8lpAGaZRFn
791,772193107915964416,6533,1554,6831339,103,Twitter for iPhone,Original tweet,https://t.co/Dp0s7MRIHK
792,772152991789019136,4105,1261,6831339,103,Twitter for iPhone,Original tweet,https://t.co/H9yjI9eo3A
793,772117678702071809,4078,818,6831339,103,Twitter for iPhone,Original tweet,https://t.co/GHOfbTVQti
794,772114945936949249,2944,527,6831339,103,Twitter for iPhone,Original tweet,https://t.co/CbtNfecWiT
795,772102971039580160,4361,1035,6831339,103,Twitter for iPhone,Original tweet,https://t.co/B2f3XkGU5c
796,771908950375665664,7152,2118,6831339,103,Twitter for iPhone,Original tweet,https://t.co/yOVzAomJ6k
797,771770456517009408,13071,3804,6831339,103,Twitter for iPhone,Original tweet,https://t.co/E6bGWf9EOm
798,771500966810099713,8986,2930,6831339,103,Twitter for iPhone,Original tweet,https://t.co/1tWe5zZoHv
799,771380798096281600,11464,5723,6831339,103,Twitter for iPhone,Original tweet,https://t.co/sPB5JMnWBn
800,771171053431250945,0,8458,6831339,103,Twitter for iPhone,This is a retweet,This is a retweet
801,771136648247640064,9996,3267,6831339,103,Twitter for iPhone,Original tweet,https://t.co/8VEDZKHddR
802,771102124360998913,6756,1607,6831339,103,Twitter for iPhone,Original tweet,https://t.co/K5Jo7QRCvA
803,771014301343748096,7477,1850,6831339,103,Twitter for iPhone,Original tweet,https://t.co/OJZQ6I4gGd
804,771004394259247104,0,246,6831339,103,Twitter for iPhone,This is a retweet,This is a retweet
805,770787852854652928,5388,1370,6831339,103,Twitter for iPhone,Original tweet,https://t.co/d0QEbp78Yi
806,770772759874076672,5641,1581,6831339,103,Twitter for iPhone,Original tweet,https://t.co/lqr0NdtwQo
807,770743923962707968,0,50930,6831339,103,Twitter for iPhone,This is a retweet,This is a retweet
808,770655142660169732,7960,1953,6831339,103,Twitter for iPhone,Original tweet,https://t.co/qlUDuPoE3d
809,770414278348247044,6845,2308,6831339,103,Twitter for iPhone,Original tweet,https://t.co/OUwWbEKOUV
810,770293558247038976,6775,1667,6831339,103,Twitter for iPhone,Original tweet,https://t.co/3fEPpj0KYw
811,770093767776997377,0,3403,6831339,103,Twitter for iPhone,This is a retweet,This is a retweet
812,770069151037685760,8231,2575,6831339,103,Twitter for iPhone,Original tweet,https://t.co/mADHGenzFS
813,769940425801170949,34195,10800,6831339,103,Twitter for iPhone,Original tweet,https://t.co/guDkLrX8zV
814,769695466921623552,6953,1862,6831339,103,Twitter for iPhone,Original tweet,https://t.co/vhrkz0dK4v
815,769335591808995329,0,8587,6831339,103,Twitter for iPhone,This is a retweet,This is a retweet
816,769212283578875904,5868,1919,6831339,103,Twitter for iPhone,Original tweet,https://t.co/OCYLz3fjVE
817,768970937022709760,15658,7324,6831339,103,Twitter Web Client,Original tweet,https://t.co/UlB2mzw3Xs
818,768909767477751808,0,3028,6831339,103,Twitter for iPhone,This is a retweet,This is a retweet
819,768855141948723200,4564,1002,6831339,103,Twitter for iPhone,Original tweet,https://t.co/1BxxcdVNJ8
820,768609597686943744,4475,1349,6831339,103,Twitter for iPhone,Original tweet,https://t.co/dZPMLresEr
821,768596291618299904,5471,1429,6831339,103,Twitter for iPhone,Original tweet,https://t.co/J2AJdyxglH
822,768554158521745409,0,6512,6831339,103,Twitter for iPhone,This is a retweet,This is a retweet
823,768473857036525572,14782,3834,6831339,103,Twitter for iPhone,Original tweet,https://t.co/goy9053wC7
824,768193404517830656,11846,3957,6831339,103,Twitter for iPhone,Original tweet,https://t.co/WmczvjCWJq
825,767884188863397888,5170,1574,6831339,103,Twitter for iPhone,Original tweet,https://t.co/Qai481H6RA
826,767754930266464257,17421,6034,6831339,103,Twitter for iPhone,Original tweet,https://t.co/Nb68IsVb9O
827,767500508068192258,8133,2607,6831339,103,Twitter for iPhone,Original tweet,https://t.co/Z2g2YWPzX2
828,767191397493538821,13345,4271,6831339,103,Twitter for iPhone,Original tweet,https://t.co/QOKZdus9TT
829,767122157629476866,10980,3181,6831339,103,Twitter for iPhone,Original tweet,https://t.co/IEARC2sRzC
830,766864461642756096,0,6331,6831339,103,Twitter for iPhone,This is a retweet,This is a retweet
831,766793450729734144,5521,1522,6831339,103,Twitter for iPhone,Original tweet,https://t.co/exrRjjJqeO
832,766714921925144576,2819,428,6831339,103,Twitter for iPhone,Original tweet,y
833,766693177336135680,4384,883,6831339,103,Twitter for iPhone,Original tweet,https://t.co/cTlHjEUNK8
834,766423258543644672,6539,1774,6831339,103,Twitter for iPhone,Original tweet,https://t.co/Tytt15VquG
835,766313316352462849,7357,2109,6831339,103,Twitter for iPhone,Original tweet,https://t.co/xuxZoObmF0
836,766078092750233600,0,2893,6831339,103,Twitter for iPhone,This is a retweet,This is a retweet
837,766069199026450432,4646,974,6831340,103,Twitter for iPhone,Original tweet,https://t.co/Z69mShifuk
838,766008592277377025,4057,554,6831340,103,Twitter for iPhone,Original tweet,https://t.co/jaivZ1dcUL
839,765719909049503744,7849,2404,6831340,103,Twitter for iPhone,Original tweet,https://t.co/soxdNqZDZ2
840,765669560888528897,5631,1360,6831340,103,Twitter for iPhone,Original tweet,https://t.co/t6RvnVEdRR
841,765395769549590528,28567,3777,6831340,103,Twitter for iPhone,Original tweet,https://t.co/ep1NkYoiwB
842,765371061932261376,7696,2405,6831340,103,Twitter for iPhone,Original tweet,https://t.co/w2qDmoTIZ5
843,765222098633691136,12624,3774,6831340,103,Twitter for iPhone,Original tweet,https://t.co/eSvz4EapHH
844,764857477905154048,6952,1968,6831340,103,Twitter for iPhone,Original tweet,https://t.co/cBIFBsCRz6
845,764259802650378240,6576,1696,6831340,103,Twitter for iPhone,Original tweet,https://t.co/Q1v9BZylvZ
846,763956972077010945,797,59,6831340,103,Twitter for iPhone,Original tweet,0
847,763837565564780549,13691,4666,6831340,103,Twitter for iPhone,Original tweet,https://t.co/gx3xF5mZbo
848,763183847194451968,5881,1653,6831340,103,Twitter for iPhone,Original tweet,https://t.co/EDMcwt86fU
849,763167063695355904,0,3377,6831340,103,Twitter for iPhone,This is a retweet,This is a retweet
850,763103485927849985,7977,2535,6831340,103,Twitter for iPhone,Original tweet,https://t.co/VIXT3D26VM
851,762699858130116608,13218,4051,6831340,103,Twitter for iPhone,Original tweet,https://t.co/2lBg3ZgivD
852,762471784394268675,12260,7279,6831340,103,Twitter for iPhone,Original tweet,https://t.co/pA4MDKwRci
853,762464539388485633,11228,4693,6831340,103,Twitter for iPhone,Original tweet,https://t.co/zGSj1oUgxx
854,762316489655476224,5234,1257,6831340,103,Twitter for iPhone,Original tweet,https://t.co/sAHmwRtfSq
855,762035686371364864,34703,17408,6831340,103,Twitter for iPhone,Original tweet,https://t.co/3td8P3o0mB
856,761976711479193600,5868,2249,6831340,103,Twitter for iPhone,Original tweet,https://t.co/WTZ484EntP
857,761750502866649088,0,4398,6831340,103,Twitter for iPhone,This is a retweet,This is a retweet
858,761745352076779520,4617,952,6831340,103,Twitter for iPhone,Original tweet,https://t.co/obH5vMbm1j
859,761672994376806400,53697,32384,6831340,103,Twitter for iPhone,Original tweet,https://t.co/EY8kEFuzK7
860,761599872357261312,4480,1308,6831340,103,Twitter for iPhone,Original tweet,https://t.co/7HY9RvCudo
861,761371037149827077,0,19944,6831340,103,Twitter for iPhone,This is a retweet,This is a retweet
862,761334018830917632,5659,1612,6831340,103,Twitter for iPhone,Original tweet,https://t.co/ErPLjjJOKc
863,761292947749015552,4837,1229,6831340,103,Twitter for iPhone,Original tweet,https://t.co/0THNOfv2Jo
864,761227390836215808,5773,1722,6831340,103,Twitter for iPhone,Original tweet,https://t.co/nhLX27WsDY
865,761004547850530816,12214,3851,6831340,103,Twitter for iPhone,Original tweet,https://t.co/1acHQS8rvK
866,760893934457552897,4145,1079,6831340,103,Twitter for iPhone,Original tweet,https://t.co/H9YgrUkYwa
867,760656994973933572,7166,2144,6831340,103,Twitter for iPhone,Original tweet,https://t.co/tl3gNYdoq2
868,760641137271070720,5372,1440,6831341,103,Twitter for iPhone,Original tweet,https://t.co/8Kmuj6SFbC
869,760539183865880579,8212,4043,6831341,103,Twitter for iPhone,Original tweet,https://t.co/9k8LLjJ0uJ
870,760521673607086080,4583,1555,6831341,103,Vine - Make a Scene,Original tweet,https://t.co/IqyTF6qik6
871,760290219849637889,29022,12788,6831341,103,Twitter Web Client,Original tweet,https://t.co/qFsl1nnXMv
872,760252756032651264,4267,962,6831341,103,Twitter for iPhone,Original tweet,https://t.co/4gOv2Q3iKP
873,760190180481531904,6190,2015,6831341,103,Twitter for iPhone,Original tweet,https://t.co/h6s9Rch0gZ
874,760153949710192640,0,37,6831341,103,Twitter for iPhone,This is a retweet,This is a retweet
875,759943073749200896,6445,2323,6831341,103,Vine - Make a Scene,Original tweet,https://t.co/HtAR6gpUAu
876,759923798737051648,15924,6331,6831341,103,Twitter for iPhone,Original tweet,https://t.co/49hkNAsubi
877,759846353224826880,7278,2208,6831341,103,Twitter for iPhone,Original tweet,https://t.co/fd6uucghY6
878,759793422261743616,6467,2120,6831341,103,Twitter for iPhone,Original tweet,https://t.co/MYwR4DQKll
879,759566828574212096,0,23575,6831341,103,Twitter for iPhone,This is a retweet,This is a retweet
880,759557299618865152,5092,1306,6831341,103,Twitter for iPhone,Original tweet,https://t.co/JRV1dhBYwu
881,759447681597108224,9227,2735,6831341,103,Twitter for iPhone,Original tweet,https://t.co/vT3JM8b989
882,759446261539934208,1813,546,6831341,103,Twitter for iPhone,Original tweet,https://t.co/fRaTGcj68A
883,759197388317847553,6568,2162,6831341,103,Twitter for iPhone,Original tweet,https://t.co/gQH2mmKIJW
884,759159934323924993,0,1308,6831341,103,Twitter for iPhone,This is a retweet,This is a retweet
885,759099523532779520,15749,4662,6831341,103,Twitter for iPhone,Original tweet,https://t.co/Cim4DSj6Oi
886,759047813560868866,7060,2242,6831341,103,Twitter for iPhone,Original tweet,https://t.co/8W5iSOgXfx
887,758854675097526272,3841,993,6831341,103,Twitter for iPhone,Original tweet,https://t.co/4UrfOZhztW
888,758828659922702336,12099,4252,6831341,103,Twitter for iPhone,Original tweet,https://t.co/9T2h14yn4Q
889,758740312047005698,6199,1775,6831381,103,Twitter for iPhone,Original tweet,https://t.co/rfWQ4T9iQj
890,758474966123810816,4135,1101,6831381,103,Twitter for iPhone,Original tweet,https://t.co/uPUAotqQtM
891,758467244762497024,5203,2474,6831381,103,Twitter for iPhone,Original tweet,https://t.co/HmwrdfEfUE
892,758405701903519748,5629,2137,6831381,103,Twitter for iPhone,Original tweet,https://t.co/M9BXCSDVjh
893,758355060040593408,3717,1206,6831381,103,Twitter for iPhone,Original tweet,https://t.co/NzWUrFZydr
894,758099635764359168,20806,11195,6831381,103,Vine - Make a Scene,Original tweet,https://t.co/iy7ylyZcsE
895,758041019896193024,2940,421,6831381,103,Twitter for iPhone,Original tweet,https://t.co/l46jwv5WYv
896,757741869644341248,7450,3605,6831381,103,Twitter for iPhone,Original tweet,https://t.co/TdyGTcX0uo
897,757729163776290825,0,9039,6831381,103,Twitter for iPhone,This is a retweet,This is a retweet
898,757725642876129280,4916,1358,6831381,103,Twitter for iPhone,Original tweet,https://t.co/rptsOm73Wr
899,757611664640446465,4928,1239,6831381,103,Twitter for iPhone,Original tweet,https://t.co/AVks8DjHwB
900,757597904299253760,0,323,6831381,103,Twitter for iPhone,This is a retweet,This is a retweet
901,757596066325864448,4720,1178,6831381,103,Twitter for iPhone,Original tweet,https://t.co/mOmnL19Wsl
902,757400162377592832,16414,7570,6831381,103,Twitter for iPhone,Original tweet,https://t.co/gwKCspY8N2
903,757393109802180609,6324,1940,6831381,103,Twitter for iPhone,Original tweet,https://t.co/OfvRoD6ndV
904,757354760399941633,4897,1584,6831381,103,Twitter for iPhone,Original tweet,https://t.co/7waRPODGyO
905,756998049151549440,6781,2208,6831381,103,Twitter for iPhone,Original tweet,https://t.co/qbO5X6dYuj
906,756939218950160384,7195,2225,6831381,103,Twitter for iPhone,Original tweet,https://t.co/KGdeHuFJnH
907,756651752796094464,5493,1469,6831381,103,Twitter for iPhone,Original tweet,https://t.co/l0Iwj6rLFW
908,756526248105566208,11271,4031,6831381,103,Twitter for iPhone,Original tweet,https://t.co/CsLRpqdeTF
909,756303284449767430,4282,1199,6831381,103,Twitter for iPhone,Original tweet,https://t.co/az5BVcIV5I
910,756288534030475264,45941,19405,6831381,103,Twitter for iPhone,Original tweet,https://t.co/hfddJ0OiNR
911,756275833623502848,6966,1699,6831381,103,Twitter for iPhone,Original tweet,https://t.co/JrDAzMhwG9
912,755955933503782912,7938,3196,6831381,103,Twitter for iPhone,Original tweet,https://t.co/GAYViEweWr
913,755206590534418437,17810,5970,6831381,103,Twitter for iPhone,Original tweet,https://t.co/I5ld3eKD5k
914,755110668769038337,22939,12298,6831381,103,Twitter for iPhone,Original tweet,https://t.co/goX3jewkYN
915,754874841593970688,0,8913,6831381,103,Twitter for iPhone,This is a retweet,This is a retweet
916,754856583969079297,7433,2795,6831381,103,Twitter for iPhone,Original tweet,https://t.co/FyHrk20gUR
917,754747087846248448,2789,578,6831381,103,Twitter for iPhone,Original tweet,https://t.co/G9ufksBMlU
918,754482103782404096,5736,2154,6831381,103,Twitter for iPhone,Original tweet,https://t.co/ca0q9HM8II
919,754449512966619136,4063,817,6831381,103,Twitter for iPhone,Original tweet,https://t.co/0dYI0Cpdge
920,754120377874386944,8478,2586,6831381,103,Twitter for iPhone,Original tweet,https://t.co/lFEoGqZ4oA
921,754011816964026368,9518,3996,6831381,103,Twitter for iPhone,Original tweet,https://t.co/ilwQqWFKCh
922,753655901052166144,6327,2424,6831381,103,Twitter for iPhone,Original tweet,https://t.co/ULqThwWmLg
923,753420520834629632,8564,3963,6831381,103,Twitter for iPhone,Original tweet,https://t.co/CCdlwiTwQf
924,753398408988139520,6259,2121,6831381,103,Twitter for iPhone,Original tweet,https://t.co/ov05LIoQJX
925,753375668877008896,8230,2584,6831382,103,Twitter for iPhone,Original tweet,https://t.co/3r7wjfsXHc
926,753298634498793472,0,6409,6831382,103,Twitter for iPhone,This is a retweet,This is a retweet
927,753294487569522689,3683,1156,6831382,103,Twitter for iPhone,Original tweet,https://t.co/sTuRoYfzPv
928,753039830821511168,40154,23254,6831382,103,Vine - Make a Scene,Original tweet,https://t.co/dsv4xAtfv7
929,753026973505581056,4213,1081,6831382,103,Twitter for iPhone,Original tweet,https://t.co/6qF5YZx6OV
930,752932432744185856,13659,7561,6831382,103,Vine - Make a Scene,Original tweet,https://t.co/v5m2bIukXc
931,752917284578922496,7433,1743,6831382,103,Twitter for iPhone,Original tweet,https://t.co/WZ4zzkXXnW
932,752701944171524096,0,3194,6831382,103,Twitter for iPhone,This is a retweet,This is a retweet
933,752682090207055872,6498,1786,6831382,103,Twitter for iPhone,Original tweet,https://t.co/xVSodF19PS
934,752660715232722944,4775,1744,6831382,103,Twitter for iPhone,Original tweet,https://t.co/bWSgqnwSHr
935,752568224206688256,6006,2533,6831382,103,Vine - Make a Scene,Original tweet,https://t.co/HCXQL4fGVZ
936,752519690950500352,7966,3810,6831382,103,Twitter for iPhone,Original tweet,https://t.co/G54yClasz2
937,752334515931054080,4132,1223,6831382,103,Twitter for iPhone,Original tweet,https://t.co/jwd0j6oWLE
938,752309394570878976,0,18484,6831382,103,Twitter for iPhone,This is a retweet,This is a retweet
939,752173152931807232,6437,2050,6831382,103,Twitter for iPhone,Original tweet,https://t.co/olDmwNjOy1
940,751950017322246144,3337,1030,6831382,103,Vine - Make a Scene,Original tweet,https://t.co/BlGQkhM5EV
941,751937170840121344,5650,1486,6831382,103,Twitter for iPhone,Original tweet,https://t.co/Vfc3eAFl2q
942,751830394383790080,6277,2165,6831382,103,Twitter for iPhone,Original tweet,https://t.co/BJRsxuLF1w
943,751793661361422336,6340,3236,6831382,103,Vine - Make a Scene,Original tweet,https://t.co/I7SFchkNk4
944,751598357617971201,8525,3351,6831382,103,Twitter for iPhone,Original tweet,https://t.co/fHQrBKYSLC
945,751583847268179968,4769,1238,6831382,103,Twitter for iPhone,Original tweet,https://t.co/u2c9c7qSg8
946,751538714308972544,5442,1402,6831382,103,Twitter for iPhone,Original tweet,https://t.co/5eJg69G8vY
947,751456908746354688,3461,1096,6831382,103,Twitter for iPhone,Original tweet,https://t.co/lsVAMBq6ex
948,751251247299190784,13518,6511,6831382,103,Twitter for iPhone,Original tweet,https://t.co/wayKZkDRTG
949,751205363882532864,6818,2023,6831382,103,Twitter for iPhone,Original tweet,https://t.co/510gJW9fsy
950,751132876104687617,5498,1441,6831382,103,Twitter for iPhone,Original tweet,https://t.co/yToDwVXEpA
951,750868782890057730,5180,1545,6831382,103,Twitter for iPhone,Original tweet,https://t.co/xe1aGZNkcC
952,750719632563142656,14287,5595,6831382,103,Twitter for iPhone,Original tweet,https://t.co/WS6BoApYyL
953,750506206503038976,4815,1273,6831382,103,Twitter for iPhone,Original tweet,https://t.co/SVU00Sc9U2
954,750429297815552001,14244,4789,6831382,103,Twitter for iPhone,Original tweet,https://t.co/lprdOylVpS
955,750383411068534784,4907,1262,6831382,103,Twitter for iPhone,Original tweet,https://t.co/FfH3o88Vta
956,750381685133418496,742,35,6831382,103,Twitter for iPhone,Original tweet,y
957,750147208377409536,3338,1069,6831382,103,Twitter for iPhone,Original tweet,https://t.co/Mr8Lr3iOUe
958,750132105863102464,3914,1400,6831382,103,Twitter for iPhone,Original tweet,https://t.co/dDx2gKefYo
959,750117059602808832,4661,1435,6831382,103,Twitter for iPhone,Original tweet,https://t.co/RXdzWaCQHm
960,750101899009982464,3290,931,6831382,103,Twitter for iPhone,Original tweet,https://t.co/enCpXzZHkD
961,750086836815486976,2342,601,6831382,103,TweetDeck,Original tweet,https://t.co/7tlZPrePXd
962,750071704093859840,8461,3700,6831382,103,Twitter for iPhone,Original tweet,https://t.co/RG4C9IdNJM
963,750056684286914561,3379,984,6831382,103,TweetDeck,Original tweet,https://t.co/8zQvXM6pG5
964,750041628174217216,3427,684,6831382,103,TweetDeck,Original tweet,https://t.co/7JeDfQvzzI
965,750026558547456000,2927,872,6831382,103,TweetDeck,Original tweet,https://t.co/jrg29NDNhI
966,750011400160841729,3500,1005,6831382,103,TweetDeck,Original tweet,https://t.co/D17IAcetmM
967,749996283729883136,3265,891,6831382,103,TweetDeck,Original tweet,https://t.co/c7LNFt39eR
968,749981277374128128,5512,2712,6831382,103,TweetDeck,Original tweet,https://t.co/GRXwMxLBkh
969,749774190421639168,5018,1449,6831173,103,Twitter for iPhone,Original tweet,https://t.co/4yXa801fgl
970,749417653287129088,6586,1848,6831382,103,Twitter for iPhone,Original tweet,https://t.co/qvA2rCUl6v
971,749403093750648834,2834,606,6831382,103,Twitter for iPhone,Original tweet,https://t.co/9qdJ2Q1Cwx
972,749395845976588288,9278,3832,6831382,103,Twitter for iPhone,Original tweet,https://t.co/lznl6QGkYc
973,749317047558017024,5923,2449,6831382,103,Twitter for iPhone,Original tweet,https://t.co/HHUAnBb6QB
974,749075273010798592,6223,2295,6831382,103,Vine - Make a Scene,Original tweet,https://t.co/cRTJiQQk9o
975,749064354620928000,5173,1674,6831382,103,Twitter for iPhone,Original tweet,https://t.co/xEY8dbJxnF
976,749036806121881602,3345,865,6831382,103,Twitter for iPhone,Original tweet,https://t.co/U8cSRz8wzC
977,748977405889503236,11574,3777,6831382,103,Twitter for iPhone,Original tweet,https://t.co/nDPaYHrtNX
978,748932637671223296,6313,2489,6831382,103,Twitter for iPhone,Original tweet,https://t.co/BbcABzohKb
979,748705597323898880,2982,1042,6831382,103,Twitter Web Client,Original tweet,https://t.co/eA7k1ZQslA
980,748699167502000129,5104,1767,6831382,103,Twitter for iPhone,Original tweet,https://t.co/gGxjthmG1c
981,748692773788876800,4568,1471,6831382,103,Twitter for iPhone,Original tweet,https://t.co/vdr7DaRSa7
982,748575535303884801,6548,2203,6831382,103,Twitter for iPhone,Original tweet,https://t.co/z5bAdtn9kd
983,748568946752774144,2353,746,6831382,103,Twitter for iPhone,Original tweet,https://t.co/uUncaAGH18
984,748346686624440324,5624,1367,6831382,103,Twitter for iPhone,Original tweet,https://t.co/XFBrrqapZa
985,748337862848962560,8274,4565,6831382,103,Vine - Make a Scene,Original tweet,https://t.co/QGGhZoTcwy
986,748324050481647620,3996,844,6831382,103,Twitter for iPhone,Original tweet,https://t.co/1sNtG7GgiO
987,748307329658011649,3960,792,6831382,103,Twitter for iPhone,Original tweet,https://t.co/KubWEqOIgO
988,748220828303695873,15217,8607,6831382,103,Vine - Make a Scene,Original tweet,https://t.co/3BOVI2WZoH
989,747963614829678593,6250,2378,6831382,103,Twitter for iPhone,Original tweet,https://t.co/ZPfeRtOX0Q
990,747933425676525569,7142,2816,6831382,103,Twitter for iPhone,Original tweet,https://t.co/oQqlOsla4R
991,747885874273214464,3179,1093,6831382,103,Twitter for iPhone,Original tweet,https://t.co/TGenMeXreW
992,747844099428986880,3019,823,6831382,103,Twitter for iPhone,Original tweet,https://t.co/V7h5NMYbYz
993,747816857231626240,5226,1284,6831382,103,Twitter for iPhone,Original tweet,https://t.co/L3U0j14N5R
994,747651430853525504,1487,174,6831382,103,Twitter for iPhone,Original tweet,p
995,747648653817413632,13895,6448,6831382,103,Vine - Make a Scene,Original tweet,https://t.co/zexdr61Q5M
996,747600769478692864,2500,602,6831382,103,Twitter for iPhone,Original tweet,https://t.co/eUGjGjjFVJ
997,747594051852075008,3971,1166,6831382,103,Twitter for iPhone,Original tweet,https://t.co/Ie2mWXWjpr
998,747512671126323200,5988,1744,6831382,103,Twitter for iPhone,Original tweet,https://t.co/12lICZN2SP
999,747461612269887489,4164,1144,6831382,103,Twitter for iPhone,Original tweet,https://t.co/x4IUNKV79Y
1000,747439450712596480,5856,2129,6831382,103,Vine - Make a Scene,Original tweet,https://t.co/VCijm2eVpR
1001,747242308580548608,0,3177,6831382,103,Twitter for iPhone,This is a retweet,This is a retweet
1002,747219827526344708,5683,1738,6831382,103,Twitter for iPhone,Original tweet,https://t.co/uT7QeZI34U
1003,747204161125646336,3642,1010,6831382,103,Twitter for iPhone,Original tweet,https://t.co/dmdEBOEctC
1004,747103485104099331,10328,4423,6831382,103,Twitter for iPhone,Original tweet,https://t.co/DX1JUHJVN7
1005,746906459439529985,3104,328,6831382,103,Twitter for iPhone,Original tweet,https://t.co/c7WXaB2nqX
1006,746872823977771008,6446,2366,6831382,103,Twitter for iPhone,Original tweet,https://t.co/9e48aPrBm2
1007,746818907684614144,5694,1893,6831382,103,Twitter for iPhone,Original tweet,https://t.co/CuNA7OwfKQ
1008,746790600704425984,5233,1760,6831382,103,Twitter for iPhone,Original tweet,https://t.co/jeWEGUgbXf
1009,746757706116112384,10271,4292,6831382,103,Vine - Make a Scene,Original tweet,https://t.co/bROYbceZ1u
1010,746726898085036033,6495,1974,6831382,103,Twitter for iPhone,Original tweet,https://t.co/gLbLiZtwsp
1011,746542875601690625,5417,2054,6831382,103,Vine - Make a Scene,Original tweet,https://t.co/6ZRoZUWFmd
1012,746521445350707200,0,1084,6831382,103,Twitter for iPhone,This is a retweet,This is a retweet
1013,746507379341139972,4993,1191,6831382,103,Twitter for iPhone,Original tweet,https://t.co/PlR6hjqvr5
1014,746369468511756288,6501,1811,6831382,103,Twitter for iPhone,Original tweet,https://t.co/5qpBTTpgUt
1015,746131877086527488,7412,2427,6831382,103,Twitter for iPhone,Original tweet,https://t.co/uRI7HBgGJX
1016,746056683365994496,3810,907,6831382,103,Twitter for iPhone,Original tweet,https://t.co/VJgbgIzIHx
1017,745789745784041472,4347,1172,6831382,103,Twitter for iPhone,Original tweet,https://t.co/3wc246LOtu
1018,745712589599014916,7492,2561,6831382,103,Twitter for iPhone,Original tweet,https://t.co/QHbvtvaw8E
1019,745433870967832576,7643,2798,6831382,103,Twitter for iPhone,Original tweet,https://t.co/oYbVR4nBsR
1020,745422732645535745,9221,2689,6831382,103,Twitter for iPhone,Original tweet,https://t.co/nc53zEN0hZ
1021,745314880350101504,7690,3056,6831382,103,Twitter for iPhone,Original tweet,https://t.co/AWMeXJJz64
1022,745074613265149952,8412,3873,6831382,103,Vine - Make a Scene,Original tweet,https://t.co/MuuwkkLrHh
1023,745057283344719872,7778,2517,6831382,103,Twitter for iPhone,Original tweet,https://t.co/BkgU3rrsXA
1024,744995568523612160,3209,692,6831382,103,Twitter for iPhone,Original tweet,https://t.co/2FPb45NXrK
1025,744971049620602880,8459,2962,6831382,103,Twitter for iPhone,Original tweet,https://t.co/KgSEkrPA3r
1026,744709971296780288,6011,1713,6831382,103,Twitter for iPhone,Original tweet,https://t.co/zAzaRT6NnT
1027,744334592493166593,7252,2360,6831382,103,Twitter for iPhone,Original tweet,https://t.co/hrJugNHs2Z
1028,744234799360020481,128390,77435,6831382,103,Twitter for iPhone,Original tweet,https://t.co/7wE9LTEXC4
1029,744223424764059648,1826,412,6831382,103,Twitter for iPhone,Original tweet,https://t.co/RNqS7C4Y4N
1030,743980027717509120,4458,1200,6831382,103,Twitter for iPhone,Original tweet,https://t.co/Kxda28JmQ2
1031,743895849529389061,3915,1052,6831382,103,Twitter for iPhone,Original tweet,https://t.co/gCCrY8P0K9
1032,743835915802583040,0,2308,6831382,103,Twitter for iPhone,This is a retweet,This is a retweet
1033,743609206067040256,4813,1512,6831382,103,Twitter for iPhone,Original tweet,https://t.co/YwfN1lbpKA
1034,743595368194129920,19821,7228,6831382,103,Twitter for iPhone,Original tweet,https://t.co/EVuqdEO66N
1035,743545585370791937,3775,1035,6831382,103,Twitter for iPhone,Original tweet,https://t.co/vU3tKr4vTn
1036,743510151680958465,8473,4065,6831382,103,Twitter Web Client,Original tweet,https://t.co/qGeVjHSUKH
1037,743253157753532416,4536,1331,6831382,103,Twitter for iPhone,Original tweet,https://t.co/gSmp31Zrsx
1038,743222593470234624,6653,2098,6831382,103,Twitter for iPhone,Original tweet,https://t.co/xOBKCdpzaa
1039,743210557239623680,4116,1503,6831382,103,Twitter for iPhone,Original tweet,https://t.co/EkLku795aO
1040,742534281772302336,7566,3897,6831382,103,Vine - Make a Scene,Original tweet,https://t.co/G4fNhzelDv
1041,742528092657332225,4773,2185,6831382,103,Twitter for iPhone,Original tweet,https://t.co/UHvjxm9B0O
1042,742465774154047488,7784,4257,6831382,103,Twitter for iPhone,Original tweet,https://t.co/hBTzPmj36Z
1043,742423170473463808,10573,4184,6831382,103,Twitter for iPhone,Original tweet,https://t.co/BXIuvkQO9b
1044,742385895052087300,7292,2191,6831382,103,Twitter for iPhone,Original tweet,https://t.co/ULdPY6CLpq
1045,742161199639494656,4656,1510,6831382,103,Twitter for iPhone,Original tweet,https://t.co/bZaHC3lvTL
1046,742150209887731712,5523,1716,6831382,103,Twitter for iPhone,Original tweet,https://t.co/PprXoqZuKY
1047,741793263812808706,4883,1661,6831382,103,Twitter for iPhone,Original tweet,https://t.co/d3LELGVlqu
1048,741743634094141440,8758,3036,6831382,103,Twitter for iPhone,Original tweet,https://t.co/rYxJ0UQtbE
1049,741438259667034112,3942,917,6831382,103,Twitter for iPhone,Original tweet,https://t.co/pXU77HPbJ5
1050,741303864243200000,9414,3554,6831382,103,Twitter for iPhone,Original tweet,https://t.co/O4iw9NlLaQ
1051,741099773336379392,10740,6075,6831382,103,Vine - Make a Scene,Original tweet,https://t.co/7muyOQXbGJ
1052,741067306818797568,10118,3403,6831382,103,Twitter for iPhone,Original tweet,https://t.co/o5J479bZUC
1053,740995100998766593,6868,3041,6831382,103,Twitter for iPhone,Original tweet,https://t.co/nt2x3fHaRJ
1054,740711788199743490,3652,1027,6831382,103,Twitter for iPhone,Original tweet,https://t.co/CmLoKMbOHv
1055,740699697422163968,3038,856,6831383,103,Twitter for iPhone,Original tweet,https://t.co/LjzZKQ7vmK
1056,740676976021798912,19444,7483,6831383,103,Twitter for iPhone,Original tweet,https://t.co/sMbMw5Z2XC
1057,740373189193256964,37212,14631,6831383,103,Twitter for iPhone,Original tweet,https://t.co/XAVDNDaVgQ
1058,740365076218183684,2661,480,6831383,103,Twitter for iPhone,Original tweet,https://t.co/u1GHWxhC85
1059,740359016048689152,3539,939,6831383,103,Twitter for iPhone,Original tweet,https://t.co/0HmBk5sSbW
1060,740214038584557568,7170,2162,6831383,103,Twitter for iPhone,Original tweet,https://t.co/0yolOOyD3X
1061,739979191639244800,21390,6512,6831383,103,Twitter for iPhone,Original tweet,https://t.co/7AKdkCOlMf
1062,739932936087216128,4344,1184,6831383,103,Twitter for iPhone,Original tweet,https://t.co/yctnFptdQ1
1063,739844404073074688,4064,934,6831382,103,Twitter for iPhone,Original tweet,https://t.co/4qiuC0lXq5
1064,739623569819336705,4090,1500,6831382,103,Vine - Make a Scene,Original tweet,https://t.co/vdgtdb6rON
1065,739606147276148736,5775,1819,6831382,103,Twitter for iPhone,Original tweet,https://t.co/sLUC4th3Zj
1066,739544079319588864,42653,23575,6831382,103,Twitter for iPhone,Original tweet,https://t.co/zxw8d5g94P
1067,739485634323156992,7728,3226,6831382,103,Twitter for iPhone,Original tweet,https://t.co/rRULp7XFnO
1068,739238157791694849,73408,50930,6831382,103,Twitter for iPhone,Original tweet,https://t.co/YcXgHfp1EC
1069,738891149612572673,115,6,6831382,103,Twitter for iPhone,Original tweet,0
1070,738885046782832640,4036,1247,6831382,103,Twitter for iPhone,Original tweet,https://t.co/EfejX3iRGr
1071,738883359779196928,3579,890,6831382,103,Twitter for iPhone,Original tweet,https://t.co/9eCXpVExJc
1072,738537504001953792,5462,1715,6831382,103,Twitter for iPhone,Original tweet,https://t.co/AxSiqAKEKu
1073,738402415918125056,3513,934,6831382,103,Twitter for iPhone,Original tweet,https://t.co/s96OYXZIfK
1074,738184450748633089,4624,1327,6831382,103,Twitter for iPhone,Original tweet,https://t.co/twxYcPOafl
1075,738166403467907072,9421,3740,6831382,103,Twitter for iPhone,Original tweet,https://t.co/P8bgOMMTRs
1076,738156290900254721,2709,725,6831382,103,Twitter for iPhone,Original tweet,https://t.co/nrzvzPuTvC
1077,737826014890496000,5639,1945,6831382,103,Twitter for iPhone,Original tweet,https://t.co/EZx0YjPjPK
1078,737800304142471168,10700,3799,6831382,103,Twitter for iPhone,Original tweet,https://t.co/KxkOgq80Xj
1079,737678689543020544,5404,1467,6831382,103,Twitter for iPhone,Original tweet,https://t.co/VflvQLH2y5
1080,737445876994609152,11053,4898,6831382,103,Twitter for iPhone,Original tweet,https://t.co/CaG9MzD3WT
1081,737322739594330112,3864,882,6831382,103,Twitter for iPhone,Original tweet,https://t.co/3xqGVH0Dhw
1082,737310737551491075,15711,8119,6831382,103,Twitter for iPhone,Original tweet,https://t.co/wvjqSCN6iC
1083,736736130620620800,4622,1914,6831382,103,Twitter for iPhone,Original tweet,https://t.co/447tyBN0mW
1084,736392552031657984,19025,8166,6831382,103,Vine - Make a Scene,Original tweet,https://t.co/u1ulQ5heLX
1085,736365877722001409,4286,1366,6831382,103,Twitter for iPhone,Original tweet,https://t.co/e3tfXJLi40
1086,736225175608430592,8705,3033,6831382,103,Twitter for iPhone,Original tweet,https://t.co/qXteK6Atxc
1087,736010884653420544,8470,3259,6831382,103,Twitter for iPhone,Original tweet,https://t.co/O1TLuYjsNS
1088,735991953473572864,3859,1259,6831382,103,Twitter for iPhone,Original tweet,https://t.co/A216OjIdca
1089,735648611367784448,4303,1198,6831382,103,Twitter for iPhone,Original tweet,https://t.co/t6TxTwTLEK
1090,735635087207878657,6628,2589,6831382,103,Twitter for iPhone,Original tweet,https://t.co/IvFSlNXpgj
1091,735274964362878976,13917,5575,6831382,103,Twitter for iPhone,Original tweet,https://t.co/aTU53NNUkt
1092,735256018284875776,3596,967,6831382,103,Twitter for iPhone,Original tweet,https://t.co/MRYv7nDPyS
1093,735137028879360001,3349,1057,6831382,103,Twitter for iPhone,Original tweet,https://t.co/5bdCpPlno9
1094,734912297295085568,2924,564,6831383,103,Twitter for iPhone,Original tweet,https://t.co/9MGouPwQmK
1095,734787690684657664,13442,6901,6831383,103,Twitter for iPhone,Original tweet,https://t.co/BPoaHySYwA
1096,734776360183431168,2684,590,6831383,103,Twitter for iPhone,Original tweet,https://t.co/qw07vhVHuO
1097,734559631394082816,1602,432,6831383,103,Vine - Make a Scene,Original tweet,https://t.co/OufVDk23JC
1098,733828123016450049,3847,853,6831383,103,Twitter for iPhone,Original tweet,https://t.co/RFToQQI8fJ
1099,733822306246479872,3930,1104,6831383,103,Twitter for iPhone,Original tweet,https://t.co/mVfqRdppTL
1100,733482008106668032,3361,1040,6831383,103,Twitter for iPhone,Original tweet,https://t.co/jeAENpjH7L
1101,733460102733135873,4499,1406,6831383,103,Twitter for iPhone,Original tweet,https://t.co/0b41Q4DKCA
1102,733109485275860992,45457,17355,6831383,103,Twitter for iPhone,Original tweet,https://t.co/pG2inLaOda
1103,732732193018155009,2608,586,6831383,103,Twitter for iPhone,Original tweet,https://t.co/rVOLuNRpjH
1104,732726085725589504,3775,967,6831383,103,Twitter for iPhone,Original tweet,https://t.co/QwiCVLPMNL
1105,732585889486888962,3943,847,6831383,103,Twitter for iPhone,Original tweet,https://t.co/sVnJfWVjUp
1106,732375214819057664,8633,2752,6831383,103,Twitter for iPhone,Original tweet,https://t.co/aA2GiTGvlE
1107,732005617171337216,15968,5979,6831383,103,Twitter for iPhone,Original tweet,https://t.co/ghyT4Ubk1r
1108,731285275100512256,3728,1074,6831383,103,Twitter for iPhone,Original tweet,https://t.co/5phLAnGPTP
1109,731156023742988288,4097,1390,6831383,103,Twitter for iPhone,Original tweet,https://t.co/yGQI3He3xv
1110,730924654643314689,6555,2170,6831383,103,Twitter for iPhone,Original tweet,https://t.co/2yctWAUZ3Z
1111,730573383004487680,5269,2362,6831383,103,Twitter for iPhone,Original tweet,https://t.co/CnUl2uDBBV
1112,730427201120833536,3710,1141,6831383,103,Twitter for iPhone,Original tweet,https://t.co/WyqNFvEulG
1113,730211855403241472,4093,1148,6831383,103,Twitter for iPhone,Original tweet,https://t.co/K7pthJXjWE
1114,730196704625098752,5222,2114,6831383,103,Twitter for iPhone,Original tweet,https://t.co/rXvcElhoog
1115,729854734790754305,4300,1222,6831383,103,Twitter for iPhone,Original tweet,https://t.co/jVxOGKEU0z
1116,729838605770891264,1821,418,6831383,103,Twitter for iPhone,Original tweet,https://t.co/85dTK7XCXB
1117,729823566028484608,4266,1358,6831383,103,Twitter for iPhone,Original tweet,https://t.co/Ebjt6Y4fMh
1118,729463711119904772,6212,2518,6831383,103,Twitter for iPhone,Original tweet,https://t.co/f2VUpy4WO0
1119,729113531270991872,2016,360,6831383,103,Twitter for iPhone,Original tweet,https://t.co/vNjvr5Bl9u
1120,728986383096946689,3387,893,6831383,103,Twitter for iPhone,Original tweet,https://t.co/kiuXRXcg4B
1121,728760639972315136,4986,1851,6831383,103,Twitter for iPhone,Original tweet,https://t.co/Cofwoy7Vpq
1122,728751179681943552,2987,741,6831383,103,Twitter for iPhone,Original tweet,https://t.co/XD3ort1PsE
1123,728653952833728512,3540,1139,6831383,103,Twitter for iPhone,Original tweet,https://t.co/O10zjJ2Ixs
1124,728409960103686147,5264,2203,6831383,103,Twitter for iPhone,Original tweet,https://t.co/5i8fORVKgr
1125,728387165835677696,3926,1044,6831383,103,Twitter for iPhone,Original tweet,https://t.co/SiaiTWgsfP
1126,728046963732717569,4608,1284,6831383,103,Twitter for iPhone,Original tweet,https://t.co/9aMxSbOaAZ
1127,728035342121635841,4859,1833,6831383,103,Twitter for iPhone,Original tweet,https://t.co/4RlLA5ObMh
1128,728015554473250816,4386,1195,6831383,103,Twitter for iPhone,Original tweet,https://t.co/Z167HgtnBi
1129,727685679342333952,3131,696,6831383,103,Twitter for iPhone,Original tweet,https://t.co/yJ26LNuyj5
1130,727644517743104000,6303,1913,6831383,103,Twitter for iPhone,Original tweet,https://t.co/qv3aUwaouT
1131,727524757080539137,4775,1338,6831383,103,Twitter for iPhone,Original tweet,https://t.co/fUyDIFkBwx
1132,727314416056803329,3548,816,6831383,103,Twitter for iPhone,Original tweet,https://t.co/SbaelU6zRs
1133,727286334147182592,3243,897,6831383,103,Twitter for iPhone,Original tweet,https://t.co/bbta2Q4URK
1134,727175381690781696,4131,1494,6831383,103,Twitter for iPhone,Original tweet,https://t.co/vXLkvyNQHp
1135,727155742655025152,3882,1450,6831383,103,Vine - Make a Scene,Original tweet,https://t.co/BRkhj6tdN0
1136,726935089318363137,7345,2673,6831383,103,Twitter for iPhone,Original tweet,https://t.co/DxlX1yTVYY
1137,726887082820554753,4099,1643,6831383,103,Twitter for iPhone,Original tweet,https://t.co/2AVcJ2BZsy
1138,726828223124897792,3790,1099,6831383,103,Twitter for iPhone,Original tweet,https://t.co/DWNrPPXgHA
1139,726224900189511680,4713,1269,6831383,103,Twitter for iPhone,Original tweet,https://t.co/Rgbni2Ns8z
1140,725842289046749185,7531,2893,6831383,103,Twitter for iPhone,Original tweet,https://t.co/vtVHtKFtBH
1141,725786712245440512,4448,1484,6831383,103,Twitter for iPhone,Original tweet,https://t.co/uIdGqug9rw
1142,725729321944506368,5534,1947,6831383,103,Twitter for iPhone,Original tweet,https://t.co/adQt5a6TZU
1143,725458796924002305,1506,679,6831383,103,Twitter for iPhone,Original tweet,https://t.co/BHICimO58W
1144,724983749226668032,3957,1429,6831383,103,Twitter for iPhone,Original tweet,https://t.co/qFqLtudIiD
1145,724771698126512129,2534,699,6831383,103,Twitter for iPhone,Original tweet,https://t.co/JlFqOhrHEs
1146,724405726123311104,5670,1801,6831383,103,Twitter for iPhone,Original tweet,https://t.co/nRUaKWnJfH
1147,724049859469295616,4628,1931,6831383,103,Twitter for iPhone,Original tweet,https://t.co/XTsZTgilnT
1148,724046343203856385,2845,607,6831383,103,Twitter for iPhone,Original tweet,https://t.co/pIQEdbBxdL
1149,724004602748780546,4473,1732,6831383,103,Twitter for iPhone,Original tweet,https://t.co/EdKG43VvEl
1150,723912936180330496,4141,1338,6831383,103,Twitter for iPhone,Original tweet,https://t.co/AhMfUu6Onm
1151,723688335806480385,8238,3254,6831383,103,Twitter for iPhone,Original tweet,https://t.co/YgNuDQbv89
1152,723673163800948736,3230,974,6831383,103,Twitter for iPhone,Original tweet,https://t.co/Dz6MiVssVU
1153,723179728551723008,5651,2051,6831383,103,Twitter for iPhone,Original tweet,https://t.co/8dNWp1cSEa
1154,722974582966214656,4388,1716,6831383,103,Twitter for iPhone,Original tweet,https://t.co/eV1diwds8a
1155,722613351520608256,5288,1790,6831383,103,Twitter for iPhone,Original tweet,https://t.co/qjd0UJKYUY
1156,721503162398597120,4981,2051,6831383,103,Twitter for iPhone,Original tweet,https://t.co/IOAk9i4UvE
1157,721001180231503872,2688,669,6831383,103,Twitter for iPhone,Original tweet,https://t.co/AFzzKqR4tT
1158,720785406564900865,3326,842,6831383,103,Twitter for iPhone,Original tweet,https://t.co/0l4I8famYp
1159,720775346191278080,2642,743,6831383,103,Twitter for iPhone,Original tweet,https://t.co/XSEXdQupej
1160,720415127506415616,4404,1630,6831383,103,Twitter for iPhone,Original tweet,https://t.co/5Lra3e4rrw
1161,720389942216527872,6844,2760,6831383,103,Twitter for iPhone,Original tweet,https://t.co/Pb6iMmo0wk
1162,720340705894408192,3061,1064,6831383,103,Twitter for iPhone,Original tweet,https://t.co/BIRRF3bcWH
1163,720059472081784833,4146,1236,6831383,103,Twitter for iPhone,Original tweet,https://t.co/pRHX8yn9Yu
1164,720043174954147842,5228,2186,6831383,103,Twitter for iPhone,Original tweet,https://t.co/SoZq2Xoopv
1165,719991154352222208,5160,1913,6831383,103,Twitter for iPhone,Original tweet,https://t.co/mvnBGaWULV
1166,719704490224398336,4866,1587,6831383,103,Twitter for iPhone,Original tweet,https://t.co/y206kWHAj0
1167,719551379208073216,5397,2114,6831383,103,Twitter for iPhone,Original tweet,https://t.co/S6JHaSMtln
1168,719367763014393856,2975,804,6831383,103,Twitter for iPhone,Original tweet,https://t.co/7mmjyearQW
1169,719339463458033665,4708,1362,6831383,103,Twitter for iPhone,Original tweet,https://t.co/HW50zkcf2R
1170,719332531645071360,3640,1043,6831383,103,Twitter for iPhone,Original tweet,https://t.co/htrlmC7saz
1171,718971898235854848,3719,1202,6831383,103,Twitter for iPhone,Original tweet,https://t.co/JRckDkZVRT
1172,718939241951195136,5600,1916,6831383,103,Twitter for iPhone,Original tweet,https://t.co/I9qoe1uEih
1173,718631497683582976,20218,8839,6831383,103,Twitter for iPhone,Original tweet,https://t.co/D9jbbmPmos
1174,718613305783398402,2611,527,6831383,103,Twitter for iPhone,Original tweet,https://t.co/lK9YDkRzPj
1175,718540630683709445,2655,1103,6831383,103,Twitter for iPhone,Original tweet,https://t.co/zSbyvm62xZ
1176,718460005985447936,2884,582,6831383,103,Twitter for iPhone,Original tweet,https://t.co/JyNmyjy3fe
1177,718454725339934721,5205,1643,6831383,103,Twitter for iPhone,Original tweet,https://t.co/4kD16wMA1Z
1178,718246886998687744,2055,547,6831383,103,Twitter for iPhone,Original tweet,https://t.co/FmxOpf2Sgl
1179,718234618122661888,4128,1090,6831383,103,Twitter for iPhone,Original tweet,https://t.co/05S8oYztgb
1180,717841801130979328,2611,649,6831383,103,Twitter for iPhone,Original tweet,https://t.co/ucOEfr2rjV
1181,717790033953034240,3092,1232,6831383,103,Twitter for iPhone,Original tweet,https://t.co/fv9e9AtzSG
1182,717537687239008257,6150,2011,6831383,103,Twitter for iPhone,Original tweet,https://t.co/2ATDsgHD4n
1183,717428917016076293,1708,497,6831383,103,Vine - Make a Scene,Original tweet,https://t.co/6WTfJvtKx6
1184,717421804990701568,3368,923,6831383,103,Twitter for iPhone,Original tweet,https://t.co/LBJqxMGaHi
1185,717047459982213120,6681,2080,6831383,103,Twitter for iPhone,Original tweet,https://t.co/fGgleFiBPq
1186,717009362452090881,3491,1069,6831383,103,Twitter for iPhone,Original tweet,https://t.co/JmgF4dMpw0
1187,716802964044845056,4549,1279,6831383,103,Twitter for iPhone,Original tweet,https://t.co/SbX4e6Yg3o
1188,716791146589110272,5901,1516,6831383,103,Twitter for iPhone,Original tweet,https://t.co/h0trcJohYO
1189,716730379797970944,1309,460,6831383,103,Twitter for iPhone,Original tweet,https://t.co/Juid3nnLbC
1190,716447146686459905,13999,6422,6831383,103,Vine - Make a Scene,Original tweet,https://t.co/gHWsCTu90E
1191,716439118184652801,2518,240,6831383,103,Twitter for iPhone,Original tweet,https://t.co/Kky1DPG4iq
1192,716285507865542656,2968,1191,6831383,103,Twitter for iPhone,Original tweet,https://t.co/WIWabMngQZ
1193,716080869887381504,5215,1900,6831383,103,Twitter for iPhone,Original tweet,https://t.co/UACnoyi8zu
1194,715928423106027520,3417,957,6831383,103,Twitter for iPhone,Original tweet,https://t.co/3BhMojONxq
1195,715758151270801409,3985,1555,6831383,103,Vine - Make a Scene,Original tweet,https://t.co/wJX74TSgzP
1196,715733265223708672,4976,1855,6831383,103,Twitter for iPhone,Original tweet,https://t.co/cxl6xGY8B9
1197,715704790270025728,2991,617,6831383,103,Vine - Make a Scene,Original tweet,https://t.co/9PnKkKzoUp
1198,715696743237730304,4163,1410,6831383,103,Twitter for iPhone,Original tweet,https://t.co/cYPHuJYTjC
1199,715680795826982913,4611,1772,6831383,103,Twitter for iPhone,Original tweet,https://t.co/sSugyyRuTp
1200,715360349751484417,5840,1717,6831383,103,Twitter for iPhone,Original tweet,https://t.co/hwv7Wq6gDA
1201,715342466308784130,3222,747,6831383,103,Twitter for iPhone,Original tweet,https://t.co/vSufMAKm3C
1202,715220193576927233,2571,716,6831383,103,Twitter for iPhone,Original tweet,https://t.co/1OBdJkMOFx
1203,715200624753819648,5466,2057,6831174,103,Twitter for iPhone,Original tweet,https://t.co/tvVDY0G911
1204,715009755312439296,4449,1352,6831383,103,Twitter for iPhone,Original tweet,https://t.co/TjnI33RE1i
1205,714982300363173890,4006,1131,6831383,103,Twitter for iPhone,Original tweet,https://t.co/jRm5J3YCmj
1206,714962719905021952,7854,4672,6831383,103,Vine - Make a Scene,Original tweet,https://t.co/T9sgP9ttnQ
1207,714957620017307648,4412,1550,6831383,103,Twitter for iPhone,Original tweet,https://t.co/s8YcfZrWhK
1208,714631576617938945,3486,1091,6831383,103,Twitter for iPhone,Original tweet,https://t.co/3oeFfHjv0Z
1209,714606013974974464,3861,1017,6831383,103,Twitter for iPhone,Original tweet,https://t.co/zO4eb7C4tG
1210,714485234495041536,2894,1272,6831383,103,Vine - Make a Scene,Original tweet,https://t.co/MfW2aym5UF
1211,714258258790387713,3210,783,6831383,103,Twitter for iPhone,Original tweet,https://t.co/Akzl5ynMmE
1212,714251586676113411,3488,918,6831383,103,Twitter for iPhone,Original tweet,https://t.co/rDVueNIcEi
1213,714214115368108032,2423,961,6831382,103,Twitter for iPhone,Original tweet,https://t.co/YMx4KWJUAB
1214,714141408463036416,4584,1530,6831383,103,Twitter for iPhone,Original tweet,https://t.co/O2RlKXigHu
1215,713919462244790272,3487,850,6831383,103,Twitter for iPhone,Original tweet,https://t.co/7vyAzIURrE
1216,713909862279876608,2039,598,6831383,103,Vine - Make a Scene,Original tweet,https://t.co/7IWKfbfihS
1217,713900603437621249,3017,811,6831383,103,Twitter for iPhone,Original tweet,https://t.co/mpvaVxKmc1
1218,713761197720473600,5196,1500,6831383,103,Twitter for iPhone,Original tweet,https://t.co/QP6GHi5az9
1219,713411074226274305,4705,1410,6831383,103,Twitter for iPhone,Original tweet,https://t.co/jVJJKlPbvq
1220,713177543487135744,7686,3102,6831383,103,Twitter for iPhone,Original tweet,https://t.co/SqnG9Ap28J
1221,713175907180089344,4757,1589,6831383,103,Twitter for iPhone,Original tweet,https://t.co/xT7XaY4gnW
1222,712809025985978368,19881,7361,6831383,103,Twitter for iPhone,Original tweet,https://t.co/HVGs5aAKAn
1223,712717840512598017,13199,5452,6831383,103,Twitter for iPhone,Original tweet,https://t.co/83RGhdIQz2
1224,712668654853337088,4443,1328,6831383,103,Twitter for iPhone,Original tweet,https://t.co/88aedAmxcl
1225,712438159032893441,5676,1705,6831383,103,Twitter for iPhone,Original tweet,https://t.co/7zjEC501Ul
1226,712309440758808576,261,25,6831383,103,Twitter for iPhone,Original tweet,https://t.co/kJIMNyMNKV
1227,712097430750289920,4053,1135,6831383,103,Twitter for iPhone,Original tweet,https://t.co/8AGcQ4hIfK
1228,712092745624633345,3142,985,6831383,103,Twitter for iPhone,Original tweet,https://t.co/tA0ZiQ7JcG
1229,712085617388212225,3451,533,6831383,103,Twitter for iPhone,Original tweet,https://t.co/yagmFdKlyL
1230,712065007010385924,2414,686,6831383,103,Twitter for iPhone,Original tweet,https://t.co/o2GvskrhHt
1231,711998809858043904,0,137,6831383,103,Twitter for iPhone,This is a retweet,This is a retweet
1232,711968124745228288,8596,2523,6831383,103,Twitter for iPhone,Original tweet,https://t.co/2e6cUtKUuc
1233,711743778164514816,3031,1076,6831383,103,Twitter for iPhone,Original tweet,https://t.co/QcSIRDpfVg
1234,711732680602345472,9515,4512,6831383,103,Twitter for iPhone,Original tweet,https://t.co/1KiuZqqOD4
1235,711694788429553666,35105,19944,6831383,103,Twitter for iPhone,Original tweet,https://t.co/Ezu6jQrKAZ
1236,711652651650457602,4129,1001,6831383,103,Twitter for iPhone,Original tweet,https://t.co/Sk3CbhmKSW
1237,711363825979756544,3909,1245,6831383,103,Twitter for iPhone,Original tweet,https://t.co/nJIXSPfedK
1238,711306686208872448,3528,797,6831383,103,Twitter for iPhone,Original tweet,https://t.co/wcwoGOkZvz
1239,711008018775851008,3198,685,6831383,103,Twitter for iPhone,Original tweet,https://t.co/68iNM7B5gW
1240,710997087345876993,4858,1518,6831383,103,Twitter for iPhone,Original tweet,https://t.co/Mv37BHEyyD
1241,710844581445812225,2724,749,6831383,103,Twitter for iPhone,Original tweet,https://t.co/UgkTw7TKyM
1242,710833117892898816,2877,587,6831383,103,Twitter for iPhone,Original tweet,https://t.co/PmTR4kxZkq
1243,710658690886586372,2465,617,6831383,103,Twitter for iPhone,Original tweet,https://t.co/0eb7R1Om12
1244,710609963652087808,5127,2564,6831383,103,Vine - Make a Scene,Original tweet,https://t.co/DU7Rb3NDiy
1245,710588934686908417,4869,2052,6831383,103,Twitter for iPhone,Original tweet,https://t.co/kzMVMU8HBV
1246,710296729921429505,2530,804,6831383,103,Vine - Make a Scene,Original tweet,https://t.co/VmtzwAuotq
1247,710283270106132480,2275,564,6831383,103,Twitter for iPhone,Original tweet,https://t.co/ONuBILIYXZ
1248,710272297844797440,4832,1378,6831383,103,Twitter for iPhone,Original tweet,https://t.co/odfLzBonG2
1249,710269109699739648,2563,1228,6831383,103,Twitter for iPhone,Original tweet,https://t.co/OcCDb2bng5
1250,710153181850935296,3102,971,6831383,103,Twitter for iPhone,Original tweet,https://t.co/fG5Pk3Et1I
1251,710140971284037632,2956,977,6831383,103,Twitter for iPhone,Original tweet,https://t.co/nLuPY3pY12
1252,710117014656950272,5870,2177,6831383,103,Twitter for iPhone,Original tweet,https://t.co/h1OX2mLtxV
1253,709918798883774466,3184,1173,6831383,103,Twitter for iPhone,Original tweet,https://t.co/R1gLc5vDqG
1254,709901256215666688,719,109,6831383,103,Twitter for iPhone,Original tweet,https://t.co/k5xsufRKYm https://t.co/ShXk46V13r
1255,709852847387627521,3747,1302,6831383,103,Twitter for iPhone,Original tweet,https://t.co/BNdVZEHRow
1256,709566166965075968,3771,1320,6831383,103,Twitter for iPhone,Original tweet,https://t.co/E9jaU59bh9
1257,709556954897764353,3506,1164,6831383,103,Twitter for iPhone,Original tweet,https://t.co/ijJB0DuOIC
1258,709519240576036864,1588,263,6831383,103,Twitter for iPhone,Original tweet,https://t.co/aczGAV2dK4
1259,709449600415961088,2375,646,6831383,103,Twitter for iPhone,Original tweet,https://t.co/c6af6nYEPo
1260,709409458133323776,2797,763,6831383,103,Twitter for iPhone,Original tweet,https://t.co/Yu0K98VZ9A
1261,709225125749587968,2561,627,6831383,103,Twitter for iPhone,Original tweet,https://t.co/k6fEWHSALn
1262,709207347839836162,13465,6380,6831383,103,Twitter for iPhone,Original tweet,https://t.co/qcZDZGCapg
1263,709198395643068416,2573,699,6831383,103,Twitter for iPhone,Original tweet,https://t.co/sedre1ivTK
1264,709179584944730112,2150,736,6831383,103,Vine - Make a Scene,Original tweet,https://t.co/CLe9ETEjeF
1265,709158332880297985,2188,454,6831383,103,Twitter for iPhone,Original tweet,https://t.co/FjAj3ggXrR
1266,709042156699303936,5091,1801,6831383,103,Twitter for iPhone,Original tweet,https://t.co/7BkkVNu5pd
1267,708853462201716736,1911,718,6831383,103,Vine - Make a Scene,Original tweet,https://t.co/RXjEwpVJf0
1268,708845821941387268,3169,981,6831383,103,Twitter for iPhone,Original tweet,https://t.co/5DLJB4ssvI
1269,708834316713893888,1822,550,6831383,103,Twitter for iPhone,Original tweet,https://t.co/Vd2FqHIIGn
1270,708810915978854401,17648,7618,6831384,103,Twitter for iPhone,Original tweet,https://t.co/2KcuJXL2r4
1271,708738143638450176,2928,887,6831384,103,Twitter for iPhone,Original tweet,https://t.co/wsCB6LFNxD
1272,708711088997666817,2727,797,6831384,103,Twitter for iPhone,Original tweet,https://t.co/Ah7WlYTUBQ
1273,708479650088034305,2720,741,6831384,103,Twitter for iPhone,Original tweet,https://t.co/uC8kUqAz0W
1274,708469915515297792,3285,894,6831384,103,Twitter for iPhone,Original tweet,https://t.co/VwDc6PTDzk
1275,708400866336894977,17124,11054,6831384,103,Vine - Make a Scene,Original tweet,https://t.co/xdNNEZdGJY
1276,708356463048204288,3852,1473,6831384,103,Twitter for iPhone,Original tweet,https://t.co/oSuEGw0BhX
1277,708349470027751425,2513,806,6831384,103,Twitter for iPhone,Original tweet,https://t.co/tK7a0AxQfd
1278,708149363256774660,4563,1688,6831384,103,Twitter for iPhone,Original tweet,https://t.co/VEFkvWCoHF
1279,708130923141795840,3621,916,6831384,103,Twitter for iPhone,Original tweet,https://t.co/XKhobeGuvT
1280,708119489313951744,2869,1067,6831384,103,Twitter for iPhone,Original tweet,https://t.co/kDamUfeIpm
1281,708109389455101952,2070,591,6831384,103,Twitter for iPhone,Original tweet,https://t.co/mhPSADiJmZ
1282,708026248782585858,4663,2104,6831384,103,Twitter for iPhone,Original tweet,https://t.co/5AJs8TIV1U
1283,707995814724026368,3317,1227,6831384,103,Twitter for iPhone,Original tweet,https://t.co/NiQQWzIzzq
1284,707983188426153984,51,2,6831384,103,Twitter for iPhone,Original tweet,)
1285,707969809498152960,2880,1062,6831384,103,Twitter for iPhone,Original tweet,https://t.co/dGoTWNfIsm
1286,707776935007539200,3502,1038,6831384,103,Twitter for iPhone,Original tweet,https://t.co/DB8fyeDs8B
1287,707741517457260545,2660,669,6831384,103,Twitter for iPhone,Original tweet,https://t.co/0nMgoue8IR
1288,707738799544082433,4386,2702,6831384,103,Vine - Make a Scene,Original tweet,https://t.co/2vRmkkOLcN
1289,707693576495472641,3657,1095,6831384,103,Twitter for iPhone,Original tweet,https://t.co/84L4ED9Tpi
1290,707629649552134146,2762,959,6831384,103,Vine - Make a Scene,Original tweet,https://t.co/NL2KwOioBh
1291,707610948723478529,18141,7025,6831384,103,Twitter for iPhone,Original tweet,https://t.co/oHKJHghrp5
1292,707420581654872064,2439,765,6831384,103,Twitter for iPhone,Original tweet,https://t.co/xOrUyj7K30
1293,707411934438625280,2430,654,6831384,103,Twitter for iPhone,Original tweet,https://t.co/uQsCJ8pf51
1294,707387676719185920,3750,1430,6831384,103,Twitter for iPhone,Original tweet,https://t.co/XP5o7zGn0E
1295,707377100785885184,3520,1178,6831384,103,Twitter for iPhone,Original tweet,https://t.co/iKThgKnW1j
1296,707315916783140866,2636,704,6831384,103,Twitter for iPhone,Original tweet,https://t.co/BjpOa52jQ4
1297,707297311098011648,2945,877,6831384,103,Twitter for iPhone,Original tweet,https://t.co/B6dmZmJBdK
1298,707059547140169728,2752,740,6831175,103,Twitter for iPhone,Original tweet,https://t.co/D7rorf4YKL
1299,707038192327901184,2353,877,6831384,103,Twitter for iPhone,Original tweet,https://t.co/z0cs7E4Xjj
1300,707021089608753152,4342,1502,6831384,103,Twitter for iPhone,Original tweet,https://t.co/gHtW5cgyy7
1301,707014260413456384,2463,647,6831384,103,Twitter for iPhone,Original tweet,https://t.co/15yCmd43zU
1302,706904523814649856,15592,8587,6831384,103,Vine - Make a Scene,Original tweet,https://t.co/3PoKf6cw7f
1303,706901761596989440,2211,662,6831384,103,Twitter for iPhone,Original tweet,https://t.co/FMUxir5pYu
1304,706681918348251136,3547,1060,6831384,103,Twitter for iPhone,Original tweet,https://t.co/CFPIcGcwJv
1305,706644897839910912,2758,1195,6831384,103,Twitter for iPhone,Original tweet,https://t.co/cdOkfEpjFw
1306,706593038911545345,2309,690,6831384,103,Twitter for iPhone,Original tweet,https://t.co/6aJrjKfNqX
1307,706538006853918722,3700,1541,6831384,103,Twitter for iPhone,Original tweet,https://t.co/bxjO45rXKd
1308,706516534877929472,3312,1128,6831384,103,Twitter for iPhone,Original tweet,https://t.co/KUS0xl7XIp
1309,706346369204748288,3684,1006,6831384,103,Twitter for iPhone,Original tweet,https://t.co/VZV6oMJmU6
1310,706310011488698368,22964,8758,6831384,103,Twitter for iPhone,Original tweet,https://t.co/GGmcTIkBbf
1311,706291001778950144,1818,511,6831384,103,Twitter for iPhone,Original tweet,https://t.co/qy33OBcexg
1312,706265994973601792,2912,1003,6831384,103,Twitter for iPhone,Original tweet,https://t.co/lA6a8GefrV
1313,706169069255446529,4196,2439,6831384,103,Twitter for iPhone,Original tweet,https://t.co/WN4C6miCzR
1314,706166467411222528,5512,1765,6831384,103,Twitter for iPhone,Original tweet,https://t.co/sA7P3JSqiv
1315,706153300320784384,1599,420,6831384,103,Vine - Make a Scene,Original tweet,https://t.co/KxYXHUHUi2
1316,705975130514706432,3322,809,6831384,103,Twitter for iPhone,Original tweet,https://t.co/cfn81n3FLO
1317,705970349788291072,3367,976,6831384,103,Twitter for iPhone,Original tweet,https://t.co/8tjnz1L8DI
1318,705898680587526145,2540,620,6831384,103,Twitter for iPhone,Original tweet,https://t.co/c67nUjwmFs
1319,705786532653883392,2090,581,6831384,103,Twitter for iPhone,Original tweet,https://t.co/xwPE9faVZR
1320,705591895322394625,3398,1266,6831384,103,Twitter for iPhone,Original tweet,https://t.co/nPTBsdm3BF
1321,705475953783398401,3171,1012,6831384,103,Twitter for iPhone,Original tweet,https://t.co/zQUuVu812n
1322,705442520700944385,4769,1806,6831384,103,Twitter for iPhone,Original tweet,https://t.co/EEIkAGVY64
1323,705428427625635840,4086,1861,6831384,103,Twitter for iPhone,Original tweet,https://t.co/ih6epBOxIA
1324,705239209544720384,3210,818,6831384,103,Twitter for iPhone,Original tweet,https://t.co/wnsblfu7XE
1325,705223444686888960,2762,881,6831384,103,Twitter for iPhone,Original tweet,https://t.co/YMkxhGWUqv
1326,705102439679201280,2304,565,6831384,103,Twitter for iPhone,Original tweet,https://t.co/Pg18CDFC7Z
1327,705066031337840642,2327,662,6831384,103,Twitter for iPhone,Original tweet,https://t.co/VA6jnNUyuW
1328,704871453724954624,4543,1217,6831384,103,Twitter for iPhone,Original tweet,https://t.co/mIQ1KoVsmU
1329,704859558691414016,2411,599,6831384,103,Twitter for iPhone,Original tweet,https://t.co/81mvJ0rGRu
1330,704847917308362754,5476,1685,6831384,103,Twitter for iPhone,Original tweet,https://t.co/kQPVxqA3gq
1331,704819833553219584,2833,1105,6831384,103,Twitter for iPhone,Original tweet,https://t.co/EatAd8JhyW
1332,704761120771465216,7109,3177,6831384,103,Twitter for iPhone,Original tweet,https://t.co/Lu0ECu5tO5
1333,704499785726889984,3149,1089,6831384,103,Twitter for iPhone,Original tweet,https://t.co/dlF93GLnDc
1334,704491224099647488,819,92,6831384,103,Twitter for iPhone,Original tweet,C
1335,704480331685040129,3645,1157,6831384,103,Twitter for iPhone,Original tweet,https://t.co/qv6qlEUCEe
1336,704364645503647744,8609,3888,6831384,103,Twitter for iPhone,Original tweet,https://t.co/5zX5XD3i6K
1337,704347321748819968,1693,386,6831384,103,Twitter for iPhone,Original tweet,https://t.co/INphk4ltkZ
1338,704134088924532736,1623,509,6831384,103,Vine - Make a Scene,Original tweet,https://t.co/h5aI0Tim4j
1339,704113298707505153,1989,616,6831384,103,Twitter for iPhone,Original tweet,https://t.co/XpYMBQ1FD8
1340,704054845121142784,3130,1002,6831384,103,Twitter for iPhone,Original tweet,https://t.co/9dpcw6MdWa
1341,703774238772166656,1977,510,6831384,103,Twitter for iPhone,Original tweet,https://t.co/ZvxdB4i9AG
1342,703769065844768768,3527,1243,6831384,103,Twitter for iPhone,Original tweet,https://t.co/QQZDCYl6zT
1343,703631701117943808,2781,757,6831384,103,Twitter for iPhone,Original tweet,https://t.co/XTVbSRdvcp
1344,703611486317502464,4138,1666,6831384,103,Twitter for iPhone,Original tweet,https://t.co/JSmX1FIEaW
1345,703425003149250560,4078,1514,6831384,103,Twitter for iPhone,Original tweet,https://t.co/6JYLpUmBrC
1346,703407252292673536,2638,761,6831384,103,Twitter for iPhone,Original tweet,https://t.co/GUbFF4o6dZ
1347,703382836347330562,3755,1252,6831384,103,Twitter for iPhone,Original tweet,https://t.co/B9dOrmnPVt
1348,703356393781329922,2042,423,6831384,103,Twitter for iPhone,Original tweet,https://t.co/8rc5I22bBf
1349,703268521220972544,2108,607,6831384,103,Twitter for iPhone,Original tweet,https://t.co/eBcqv9SPkY
1350,703079050210877440,7907,3382,6831384,103,Twitter for iPhone,Original tweet,https://t.co/hMjzhdUHaW
1351,703041949650034688,28329,13759,6831384,103,Twitter for iPhone,Original tweet,https://t.co/iHe6liLwWR
1352,702932127499816960,2775,794,6831384,103,Twitter for iPhone,Original tweet,https://t.co/LUFnwzznaV
1353,702899151802126337,1729,493,6831384,103,Vine - Make a Scene,Original tweet,https://t.co/F9aLnADVIw
1354,702684942141153280,3443,1180,6831384,103,Twitter for iPhone,Original tweet,https://t.co/d2b5C2R0aO
1355,702671118226825216,2344,613,6831384,103,Twitter for iPhone,Original tweet,https://t.co/MpH1Fe9LhZ
1356,702598099714314240,11083,3601,6831384,103,Twitter for iPhone,Original tweet,https://t.co/IpAoztle2s
1357,702539513671897089,3075,1055,6831384,103,Twitter for iPhone,Original tweet,https://t.co/4EnShAQjv6
1358,702332542343577600,3427,1701,6831384,103,Vine - Make a Scene,Original tweet,https://t.co/Dph4FDGoMd
1359,702321140488925184,3522,1129,6831384,103,Twitter for iPhone,Original tweet,https://t.co/7u8mM99Tj5
1360,702276748847800320,2650,834,6831384,103,Twitter for iPhone,Original tweet,https://t.co/rSNCEiTtfI
1361,702217446468493312,5151,1470,6831384,103,Twitter for iPhone,Original tweet,https://t.co/y35Y1TJERY
1362,701981390485725185,3687,1083,6831384,103,Twitter for iPhone,Original tweet,https://t.co/fZRob6eotY
1363,701952816642965504,4090,1113,6831384,103,Twitter for iPhone,Original tweet,https://t.co/KInss2PXyX
1364,701889187134500865,3819,1510,6831384,103,Twitter for iPhone,Original tweet,https://t.co/rH9SQgZUnQ
1365,701805642395348998,3673,1853,6831384,103,Vine - Make a Scene,Original tweet,https://t.co/8sdVenUAqr
1366,701601587219795968,2236,504,6831384,103,Twitter for iPhone,Original tweet,https://t.co/MWw3pVMhJA
1367,701570477911896070,3017,1025,6831384,103,Twitter for iPhone,Original tweet,https://t.co/yVdMsVYHIx
1368,701545186879471618,2842,664,6831384,103,Twitter for iPhone,Original tweet,https://t.co/SDVkc4m96M
1369,701214700881756160,13131,5627,6831384,103,Twitter for iPhone,Original tweet,https://t.co/JKXh0NbBNL
1370,700890391244103680,2383,629,6831384,103,Twitter for iPhone,Original tweet,https://t.co/TBv7Qh1zxZ
1371,700864154249383937,2779,669,6831384,103,Twitter for iPhone,Original tweet,https://t.co/ItSsE92gCW
1372,700847567345688576,2606,545,6831384,103,Twitter for iPhone,Original tweet,https://t.co/110Eeg7KW3
1373,700796979434098688,2611,1046,6831384,103,Twitter for iPhone,Original tweet,https://t.co/5XaR0kj8cr
1374,700747788515020802,24516,10302,6831384,103,Twitter for iPhone,Original tweet,https://t.co/22x9SbCYCU
1375,700518061187723268,2822,874,6831384,103,Twitter for iPhone,Original tweet,https://t.co/JQGMP7kzjD
1376,700505138482569216,2441,624,6831384,103,Twitter for iPhone,Original tweet,https://t.co/5fMdH8GFaq
1377,700462010979500032,4446,1973,6831384,103,Twitter for iPhone,Original tweet,https://t.co/ALO02IAKCn
1378,700167517596164096,2841,819,6831384,103,Twitter for iPhone,Original tweet,https://t.co/A0h4lnhU4s
1379,700151421916807169,2401,726,6831384,103,Twitter for iPhone,Original tweet,https://t.co/o9aJVPB25n
1380,700143752053182464,8088,3028,6831384,103,Twitter for iPhone,Original tweet,https://t.co/Fbdr5orUrJ
1381,700062718104104960,2827,760,6831384,103,Twitter for iPhone,Original tweet,https://t.co/UtFI7eUCjE
1382,700029284593901568,2215,636,6831384,103,Twitter for iPhone,Original tweet,https://t.co/8Nuny4lLE3
1383,700002074055016451,3544,1474,6831384,103,Twitter for iPhone,Original tweet,https://t.co/x0ZDlNqfb1
1384,699801817392291840,3266,1057,6831384,103,Twitter for iPhone,Original tweet,https://t.co/qI8yvqKG02
1385,699788877217865730,2410,543,6831384,103,Twitter for iPhone,Original tweet,https://t.co/5bjrIRqByp
1386,699779630832685056,2968,1357,6831384,103,Twitter for iPhone,Original tweet,https://t.co/B28ebc5LzQ
1387,699775878809702401,2099,669,6831384,103,Twitter for iPhone,Original tweet,https://t.co/TEHu55ZQKD
1388,699691744225525762,10999,5031,6831384,103,Twitter for iPhone,Original tweet,https://t.co/ZJnCxlIf62
1389,699446877801091073,6360,2863,6831384,103,Twitter for iPhone,Original tweet,https://t.co/9fojElzIxx
1390,699434518667751424,2328,559,6831384,103,Twitter for iPhone,Original tweet,https://t.co/hTE2PEwGvi
1391,699423671849451520,1467,362,6831384,103,Twitter for iPhone,Original tweet,https://t.co/b8ncwl6TlE
1392,699413908797464576,2209,675,6831384,103,Twitter for iPhone,Original tweet,https://t.co/6r4GFZY5WS
1393,699370870310113280,2011,482,6831384,103,Twitter for iPhone,Original tweet,https://t.co/iNFIHvcVur
1394,699323444782047232,3385,950,6831384,103,Twitter for iPhone,Original tweet,https://t.co/Rizm1LWh4z
1395,699088579889332224,2394,692,6831384,103,Twitter for iPhone,Original tweet,https://t.co/VfLoDZecJ7
1396,699079609774645248,2621,717,6831384,103,Twitter for iPhone,Original tweet,https://t.co/A2j2StfNgL
1397,699072405256409088,3221,1295,6831384,103,Twitter for iPhone,Original tweet,https://t.co/7WrAWKdBac
1398,699060279947165696,4053,1990,6831384,103,Vine - Make a Scene,Original tweet,https://t.co/n6wND1v7il
1399,699036661657767936,2799,1309,6831384,103,Twitter for iPhone,Original tweet,https://t.co/7u6VnZ1UFe
1400,698989035503689728,3631,1081,6831384,103,Twitter for iPhone,Original tweet,https://t.co/3BrRIWjG35
1401,698953797952008193,2902,985,6831384,103,Twitter for iPhone,Original tweet,https://t.co/oW9XMYG3F4
1402,698907974262222848,2725,680,6831384,103,Twitter for iPhone,Original tweet,https://t.co/GXq43zFfBu
1403,698710712454139905,2655,752,6831384,103,Twitter for iPhone,Original tweet,https://t.co/rKjK88D05Z
1404,698703483621523456,1557,415,6831384,103,Twitter for iPhone,Original tweet,https://t.co/hEH19t1eFp
1405,698635131305795584,1374,374,6831384,103,Twitter for iPhone,Original tweet,https://t.co/rb8nzVNh7F
1406,698549713696649216,2486,679,6831384,103,Twitter for iPhone,Original tweet,https://t.co/EPdQquc1dG
1407,698355670425473025,2005,492,6831384,103,Twitter for iPhone,Original tweet,https://t.co/MrdPZz1CGk
1408,698342080612007937,2433,1041,6831384,103,Twitter for iPhone,Original tweet,https://t.co/VmFfWMjNkp
1409,698262614669991936,5100,2207,6831384,103,Twitter for iPhone,Original tweet,https://t.co/S712MJXulD
1410,698195409219559425,17996,6553,6831384,103,Twitter for iPhone,Original tweet,https://t.co/GPaoH5qWEk
1411,698178924120031232,3015,807,6831383,103,Twitter for iPhone,Original tweet,https://t.co/BJbtCqGwZK
1412,697995514407682048,1631,364,6831383,103,Twitter for iPhone,Original tweet,https://t.co/yAASRDPJnQ
1413,697990423684476929,3524,1418,6831383,103,Twitter for iPhone,Original tweet,https://t.co/MVvbQW88Pv
1414,697943111201378304,2573,756,6831383,103,Twitter for iPhone,Original tweet,https://t.co/e8bj97CisO
1415,697881462549430272,3242,1299,6831383,103,Twitter for iPhone,Original tweet,https://t.co/pHktDjpFr8
1416,697630435728322560,1872,591,6831383,103,Vine - Make a Scene,Original tweet,https://t.co/VmF35YvtqP
1417,697616773278015490,3384,1108,6831383,103,Twitter for iPhone,Original tweet,https://t.co/Jxd5pR02Cn
1418,697596423848730625,3246,1379,6831383,103,Twitter for iPhone,Original tweet,https://t.co/5USjFjKI7Z
1419,697575480820686848,2191,552,6831383,103,Twitter for iPhone,Original tweet,https://t.co/PsqqotpBBQ
1420,697516214579523584,2223,1243,6831383,103,Vine - Make a Scene,Original tweet,https://t.co/LHFfUyLBZT
1421,697482927769255936,2594,742,6831383,103,Twitter for iPhone,Original tweet,https://t.co/YKvt0J5MXr
1422,697463031882764288,3656,1513,6831383,103,Twitter for iPhone,Original tweet,https://t.co/HppvrYuamZ
1423,697270446429966336,5006,2037,6831383,103,Twitter for iPhone,Original tweet,https://t.co/7rS33sCKMS
1424,697259378236399616,3527,1092,6831383,103,Twitter for iPhone,Original tweet,https://t.co/iAeQNueou8
1425,697255105972801536,3240,1272,6831383,103,Twitter for iPhone,Original tweet,https://t.co/Oe0XSGmfoP
1426,697242256848379904,2697,733,6831383,103,Twitter for iPhone,Original tweet,https://t.co/7GQ7BTxywN
1427,696900204696625153,3426,1124,6831383,103,Twitter for iPhone,Original tweet,https://t.co/NKuON5Al8i
1428,696894894812565505,2523,739,6831383,103,Twitter for iPhone,Original tweet,https://t.co/RJvUjgGH5z
1429,696886256886657024,5183,1959,6831383,103,Twitter for iPhone,Original tweet,https://t.co/WqoZtX9jmJ
1430,696877980375769088,2625,781,6831383,103,Twitter for iPhone,Original tweet,https://t.co/XhR7PAgcwF
1431,696754882863349760,1576,388,6831383,103,Twitter for iPhone,Original tweet,https://t.co/l9k7TPP7Tp
1432,696744641916489729,2234,1039,6831383,103,Vine - Make a Scene,Original tweet,https://t.co/ghhbMAFPW8
1433,696713835009417216,2548,716,6831383,103,Twitter for iPhone,Original tweet,https://t.co/6J8Ibwy1X6
1434,696518437233913856,4185,1850,6831383,103,Twitter for iPhone,Original tweet,r
1435,696490539101908992,1311,162,6831383,103,Twitter for iPhone,Original tweet,e
1436,696488710901260288,2725,1132,6831174,103,Twitter for iPhone,Original tweet,https://t.co/zKzq4nIY86
1437,696405997980676096,3444,1247,6831383,103,Twitter for iPhone,Original tweet,https://t.co/CIFLjiTFwZ
1438,696100768806522880,2077,726,6831383,103,Vine - Make a Scene,Original tweet,https://t.co/7ODQWHwYDx
1439,695816827381944320,3213,1282,6831383,103,Twitter for iPhone,Original tweet,https://t.co/VsQdLxrv9h
1440,695794761660297217,3412,853,6831383,103,Twitter for iPhone,Original tweet,https://t.co/PccQ1CFEDd
1441,695767669421768709,2007,819,6831383,103,Twitter for iPhone,Original tweet,https://t.co/U0D1sbIDrG
1442,695629776980148225,4908,2313,6831383,103,Twitter for iPhone,Original tweet,https://t.co/NIvxgSQ9BS
1443,695446424020918272,4664,1980,6831383,103,Twitter for iPhone,Original tweet,https://t.co/f9qlKiv39T
1444,695409464418041856,9232,3910,6831383,103,Twitter for iPhone,Original tweet,https://t.co/lORINwFXIV
1445,695314793360662529,3913,1620,6831383,103,Twitter for iPhone,Original tweet,https://t.co/ioFy0cmK03
1446,695095422348574720,2825,674,6831383,103,Twitter for iPhone,Original tweet,https://t.co/2L8pI0Z2Ib
1447,695074328191332352,3048,1209,6831383,103,Twitter for iPhone,Original tweet,https://t.co/dH3GzcjCtQ
1448,695064344191721472,1721,659,6831383,103,Twitter for iPhone,Original tweet,https://t.co/uaJmNgXR2P
1449,695051054296211456,2856,864,6831383,103,Twitter for iPhone,Original tweet,https://t.co/vityMwPKKi
1450,694925794720792577,2896,1008,6831383,103,Vine - Make a Scene,Original tweet,https://t.co/Vn6w5w8TO2
1451,694905863685980160,2966,1028,6831383,103,Twitter for iPhone,Original tweet,https://t.co/CJJpjTMzPQ
1452,694669722378485760,38211,15849,6831383,103,Twitter for iPhone,Original tweet,https://t.co/9mb0P2rjk2
1453,694356675654983680,1614,317,6831383,103,Twitter for iPhone,Original tweet,https://t.co/SQsEBWxPyG
1454,694352839993344000,2182,679,6831383,103,Twitter for iPhone,Original tweet,https://t.co/6NgsQJuSBJ
1455,694342028726001664,1686,531,6831383,103,Vine - Make a Scene,Original tweet,https://t.co/oCImpQuoRb
1456,694329668942569472,2151,548,6831174,103,Twitter for iPhone,Original tweet,https://t.co/oToIkYnEGn
1457,694206574471057408,4492,2240,6831383,103,Twitter for iPhone,Original tweet,https://t.co/Sd4qAdSRqI
1458,694183373896572928,3151,1015,6831383,103,Twitter for iPhone,Original tweet,https://t.co/pVebzwRioD
1459,694001791655137281,3628,1133,6831383,103,Twitter for iPhone,Original tweet,https://t.co/YoII7tWXMT
1460,693993230313091072,2005,443,6831383,103,Vine - Make a Scene,Original tweet,https://t.co/gzRghPC61H
1461,693942351086120961,1853,405,6831383,103,Twitter for iPhone,Original tweet,https://t.co/LCA6Fr3X2M
1462,693647888581312512,2892,651,6831383,103,Twitter for iPhone,Original tweet,https://t.co/LSTAwTdTaw
1463,693644216740769793,1441,142,6831383,103,Twitter for iPhone,Original tweet,f
1464,693642232151285760,2728,455,6831174,103,Twitter for iPhone,Original tweet,https://t.co/6BS9XEip9a
1465,693629975228977152,2631,878,6831383,103,Twitter for iPhone,Original tweet,https://t.co/Tn9Mp0oPoJ
1466,693622659251335168,1648,406,6831383,103,Twitter for iPhone,Original tweet,https://t.co/a1IrjaID3X
1467,693590843962331137,5437,2159,6831383,103,Twitter for iPhone,Original tweet,https://t.co/fShNNhBWYx
1468,693582294167244802,1759,281,6831383,103,Twitter for iPhone,Original tweet,I
1469,693486665285931008,1899,684,6831383,103,Twitter for iPhone,Original tweet,https://t.co/S6cQsIoX27
1470,693280720173801472,3602,1362,6831383,103,Twitter for iPhone,Original tweet,https://t.co/UzbhwXcLne
1471,693267061318012928,2556,900,6831383,103,Vine - Make a Scene,Original tweet,https://t.co/waN6EW0wfM
1472,693262851218264065,2392,549,6831383,103,Twitter for iPhone,Original tweet,https://t.co/DYUsHtL2aR
1473,693231807727280129,3066,805,6831383,103,Twitter for iPhone,Original tweet,https://t.co/bpZsGMqVVP
1474,693155686491000832,8467,3516,6831383,103,Twitter for iPhone,Original tweet,https://t.co/At8Kxc5H9U
1475,693109034023534592,1842,672,6831383,103,Twitter for iPhone,Original tweet,https://t.co/NY3cPAZAIM
1476,693095443459342336,2010,507,6831383,103,Twitter for iPhone,Original tweet,https://t.co/OhodPIDOpW
1477,692919143163629568,2864,817,6831383,103,Twitter for iPhone,Original tweet,https://t.co/TMpDHHGspy
1478,692905862751522816,2612,965,6831383,103,Twitter for iPhone,Original tweet,https://t.co/EiF659Bgjn
1479,692901601640583168,1921,661,6831383,103,Twitter for iPhone,Original tweet,https://t.co/N0OADmCnVV
1480,692894228850999298,2443,884,6831383,103,Twitter for iPhone,Original tweet,https://t.co/mCqgtqLDCW
1481,692828166163931137,3087,964,6831383,103,Twitter for iPhone,Original tweet,https://t.co/X6X9wM7NuS
1482,692752401762250755,7322,3991,6831383,103,Twitter for iPhone,Original tweet,https://t.co/kYWcXbluUu
1483,692568918515392513,4649,1683,6831383,103,Twitter for iPhone,Original tweet,https://t.co/CFMjsn3P6B
1484,692535307825213440,3428,1488,6831383,103,Twitter for iPhone,Original tweet,https://t.co/Dt360V2MYI
1485,692530551048294401,1978,459,6831383,103,Twitter for iPhone,Original tweet,https://t.co/Iv3flDTpXu
1486,692423280028966913,1580,253,6831383,103,Twitter for iPhone,Original tweet,0
1487,692417313023332352,10055,3810,6831383,103,Twitter for iPhone,Original tweet,https://t.co/VGaIMktX10
1488,692187005137076224,2701,901,6831383,103,Twitter for iPhone,Original tweet,https://t.co/krvbacIX0N
1489,692158366030913536,2311,876,6831383,103,Twitter for iPhone,Original tweet,https://t.co/1NgMb9BTWB
1490,692142790915014657,1759,430,6831383,103,Twitter for iPhone,Original tweet,https://t.co/tDkJAnQsbQ
1491,692041934689402880,3643,1394,6831383,103,Vine - Make a Scene,Original tweet,https://t.co/sRUpRpGZ3y
1492,692017291282812928,3075,1051,6831384,103,Twitter for iPhone,Original tweet,https://t.co/BE4ahQ0IO2
1493,691820333922455552,4230,1805,6831384,103,Twitter for iPhone,Original tweet,https://t.co/fn1oUlS69Z
1494,691793053716221953,8730,4608,6831384,103,Vine - Make a Scene,Original tweet,https://t.co/qnMJHBxPuo
1495,691756958957883396,3101,1125,6831384,103,Twitter for iPhone,Original tweet,https://t.co/frGWV7IP6J
1496,691675652215414786,2079,559,6831384,103,Twitter for iPhone,Original tweet,https://t.co/KMdwNgONkV
1497,691483041324204033,2543,630,6831385,103,Twitter for iPhone,Original tweet,https://t.co/aenk0KpoWM
1498,691459709405118465,4351,1254,6831385,103,Twitter for iPhone,Original tweet,https://t.co/LZEi0DpRsH
1499,691444869282295808,2842,933,6831385,103,Twitter for iPhone,Original tweet,https://t.co/YBENhr24FV
1500,691416866452082688,20776,8401,6831385,103,Twitter for iPhone,Original tweet,https://t.co/fR1P3g5I6k
1501,691321916024623104,2767,723,6831385,103,Twitter for iPhone,Original tweet,https://t.co/g4fiS8A9Ab
1502,691096613310316544,3173,983,6831385,103,Twitter for iPhone,Original tweet,https://t.co/fUacc13OrW
1503,691090071332753408,1828,372,6831385,103,Twitter for iPhone,Original tweet,https://t.co/MM7tb4HpEY
1504,690989312272396288,6350,3163,6831385,103,Vine - Make a Scene,Original tweet,https://t.co/pmarb2dG0e
1505,690959652130045952,3832,1382,6831385,103,Twitter for iPhone,Original tweet,https://t.co/DgXYBDMM3E
1506,690938899477221376,4442,2191,6831385,103,Twitter for iPhone,Original tweet,https://t.co/HSL3mnP5NX
1507,690932576555528194,3526,1117,6831385,103,Twitter for iPhone,Original tweet,https://t.co/FQZGSQIQLS
1508,690735892932222976,4044,1407,6831385,103,Twitter for iPhone,Original tweet,https://t.co/YrhkrTsoTt
1509,690728923253055490,2320,570,6831385,103,Twitter for iPhone,Original tweet,https://t.co/qOD4G19A2u
1510,690690673629138944,2489,868,6831385,103,Twitter for iPhone,Original tweet,https://t.co/yS7T4gxKod
1511,690649993829576704,1404,308,6831385,103,Twitter for iPhone,Original tweet,https://t.co/CneG2ZbxHP
1512,690607260360429569,310,19,6831385,103,Twitter for iPhone,Original tweet,t
1513,690597161306841088,2106,659,6831385,103,Twitter for iPhone,Original tweet,https://t.co/Nwi3SYe8KA
1514,690400367696297985,2001,495,6831385,103,Twitter for iPhone,Original tweet,https://t.co/PlEXTofdpf
1515,690374419777196032,3484,950,6831385,103,Twitter for iPhone,Original tweet,https://t.co/VpfFCKE28C
1516,690360449368465409,2853,977,6831385,103,Twitter for iPhone,Original tweet,https://t.co/B9ZXXKJYNx
1517,690348396616552449,1609,559,6831385,103,Vine - Make a Scene,Original tweet,https://t.co/JjxriLqZOL
1518,690248561355657216,1805,454,6831385,103,Twitter for iPhone,Original tweet,https://t.co/IF5kKaO945
1519,690021994562220032,2994,1137,6831385,103,Twitter for iPhone,Original tweet,https://t.co/TmlwQWnmRC
1520,690015576308211712,2685,808,6831385,103,Twitter for iPhone,Original tweet,https://t.co/03XlvS8izg
1521,690005060500217858,3922,1853,6831385,103,Twitter for iPhone,Original tweet,https://t.co/V8HcVIh4jt
1522,689999384604450816,1526,413,6831385,103,Twitter for iPhone,Original tweet,https://t.co/fgMaP2zDMt
1523,689993469801164801,1576,503,6831386,103,Vine - Make a Scene,Original tweet,https://t.co/K4s9IJh2jm
1524,689977555533848577,1465,489,6831386,103,Twitter for iPhone,Original tweet,https://t.co/MXedEzSHIf
1525,689905486972461056,2595,760,6831386,103,Twitter for iPhone,Original tweet,https://t.co/IE4ZblyZRY
1526,689877686181715968,3235,1304,6831386,103,Twitter for iPhone,Original tweet,https://t.co/5iH08ltkoe
1527,689835978131935233,2317,825,6831386,103,Twitter for iPhone,Original tweet,https://t.co/MuqHPvtL8c
1528,689661964914655233,3424,1015,6831386,103,Twitter for iPhone,Original tweet,https://t.co/VcxZQPNZaV
1529,689659372465688576,11169,4281,6831386,103,Twitter for iPhone,Original tweet,https://t.co/XtDkrsdEfF
1530,689623661272240129,2399,717,6831386,103,Twitter for iPhone,Original tweet,https://t.co/QnvSjjyh7n
1531,689599056876867584,12491,6071,6831386,103,Twitter for iPhone,Original tweet,https://t.co/TRAri5iHzd
1532,689557536375177216,2205,509,6831386,103,Twitter for iPhone,Original tweet,https://t.co/WFh2FEbYzj
1533,689517482558820352,3636,1569,6831386,103,Twitter for iPhone,Original tweet,https://t.co/Wk3XCnmDvm
1534,689289219123089408,2412,1015,6831386,103,Twitter for iPhone,Original tweet,https://t.co/Rxrd4hPmp4
1535,689283819090870273,3525,1213,6831386,103,Twitter for iPhone,Original tweet,https://t.co/V62rIva61J
1536,689280876073582592,2145,789,6831386,103,Twitter for iPhone,Original tweet,https://t.co/JR7hLnlgeS
1537,689275259254616065,1238,272,6831386,103,Twitter for iPhone,Original tweet,https://t.co/K55XrIoePl
1538,689255633275777024,2752,1182,6831386,103,Vine - Make a Scene,Original tweet,https://t.co/gOH51Y8Yh1
1539,689154315265683456,3281,1103,6831386,103,Twitter for iPhone,Original tweet,https://t.co/o47yitCn9N
1540,689143371370250240,2178,568,6831386,103,Twitter for iPhone,Original tweet,https://t.co/40w7TI5Axv
1541,688916208532455424,2927,959,6831386,103,Twitter for iPhone,Original tweet,https://t.co/A8X8fwS78x
1542,688908934925697024,2268,846,6831386,103,Twitter for iPhone,Original tweet,https://t.co/WpSFZm7RPH
1543,688898160958271489,2253,865,6831386,103,Twitter for iPhone,Original tweet,https://t.co/MfEaMUFYTx
1544,688894073864884227,2390,770,6831387,103,Twitter for iPhone,Original tweet,https://t.co/ROPZcAMQKI
1545,688828561667567616,1473,406,6831387,103,Twitter for iPhone,Original tweet,https://t.co/dfCCK3tWfr
1546,688804835492233216,1025,215,6831387,103,Twitter for iPhone,Original tweet,https://t.co/PMeq6IedU7
1547,688789766343622656,2375,728,6831387,103,Twitter for iPhone,Original tweet,https://t.co/2TWxg0rgyG
1548,688547210804498433,2790,770,6831387,103,Twitter for iPhone,Original tweet,https://t.co/7ycWCUrjmZ
1549,688519176466644993,2470,799,6831387,103,Twitter for iPhone,Original tweet,https://t.co/glmvQBRjv4
1550,688385280030670848,9977,4894,6831387,103,Twitter for iPhone,Original tweet,https://t.co/vz2DukO0th
1551,688211956440801280,2381,919,6831387,103,Twitter for iPhone,Original tweet,https://t.co/o4Nfc8WoAO
1552,688179443353796608,2268,645,6831387,103,Twitter for iPhone,Original tweet,https://t.co/mFhvtX36om
1553,688116655151435777,3024,862,6831387,103,Twitter for iPhone,Original tweet,https://t.co/YdLytdZOqv
1554,688064179421470721,1837,395,6831387,103,Twitter for iPhone,Original tweet,https://t.co/GS76SfkraY
1555,687841446767013888,5871,2790,6831387,103,Vine - Make a Scene,Original tweet,https://t.co/nZhhMRr5Hp
1556,687826841265172480,2928,1253,6831387,103,Twitter for iPhone,Original tweet,https://t.co/17RGvOZO9P
1557,687818504314159109,2683,1049,6831387,103,Twitter for iPhone,Original tweet,https://t.co/hK6xB042EP
1558,687807801670897665,2562,767,6831387,103,Twitter for iPhone,Original tweet,https://t.co/c98k1IoZKy
1559,687732144991551489,1891,724,6831387,103,Vine - Make a Scene,Original tweet,https://t.co/kGRcRjRJRl
1560,687704180304273409,2615,928,6831387,103,Twitter for iPhone,Original tweet,https://t.co/UwOV1jqKRt
1561,687664829264453632,2080,564,6831387,103,Twitter for iPhone,Original tweet,https://t.co/IAt3jRZ5ez
1562,687494652870668288,2053,633,6831387,103,Twitter for iPhone,Original tweet,https://t.co/MHScqo5l8c
1563,687480748861947905,1712,273,6831387,103,Twitter for iPhone,Original tweet,https://t.co/X5w387K5jr
1564,687476254459715584,2123,592,6831387,103,Twitter for iPhone,Original tweet,https://t.co/1DzInODwrj
1565,687460506001633280,2188,594,6831387,103,Twitter for iPhone,Original tweet,https://t.co/jIcVW0xxmH
1566,687399393394311168,2032,688,6831387,103,Vine - Make a Scene,Original tweet,https://t.co/nTAsyvbIiO
1567,687317306314240000,21579,10085,6831387,103,Twitter for iPhone,Original tweet,https://t.co/pRp1Npucbz
1568,687312378585812992,4670,2091,6831387,103,Twitter for iPhone,Original tweet,https://t.co/yzGR9xjE9Q
1569,687127927494963200,5864,2519,6831387,103,Twitter for iPhone,Original tweet,https://t.co/a34N7QwKbb
1570,687124485711986689,2319,557,6831387,103,Twitter for iPhone,Original tweet,https://t.co/03vR9dn7jy
1571,687109925361856513,6221,2717,6831387,103,Twitter for iPhone,Original tweet,https://t.co/LHcH1yhhIb
1572,687102708889812993,2507,1091,6831387,103,Twitter for iPhone,Original tweet,https://t.co/A88x73TwMN
1573,687096057537363968,2402,672,6831387,103,Twitter for iPhone,Original tweet,https://t.co/D7jYj6vdwC
1574,686947101016735744,9239,3488,6831387,103,Twitter for iPhone,Original tweet,https://t.co/lJs10ZJsgj
1575,686760001961103360,3764,1510,6831387,103,Vine - Make a Scene,Original tweet,https://t.co/KFTrkSOuu3
1576,686749460672679938,3729,1609,6831387,103,Twitter for iPhone,Original tweet,https://t.co/nSQrhwbk1V
1577,686730991906516992,4450,1316,6831387,103,Twitter for iPhone,Original tweet,https://t.co/Kc84eFNhYU
1578,686683045143953408,3006,885,6831387,103,Twitter for iPhone,Original tweet,https://t.co/pgD6h0yhgz
1579,686618349602762752,3944,1496,6831387,103,Twitter for iPhone,Original tweet,https://t.co/yJVTi1DjJc
1580,686606069955735556,2023,595,6831387,103,Twitter for iPhone,Original tweet,https://t.co/tB9xYjMyZd
1581,686394059078897668,1885,752,6831387,103,Vine - Make a Scene,Original tweet,https://t.co/CufnbUT0pB
1582,686386521809772549,3479,974,6831387,103,Twitter for iPhone,Original tweet,https://t.co/J5aI7SjzDc
1583,686377065986265092,2376,621,6831387,103,Twitter for iPhone,Original tweet,https://t.co/oDkspjNWYX
1584,686358356425093120,2356,751,6831387,103,Twitter for iPhone,Original tweet,https://t.co/95JJevQOWW
1585,686286779679375361,4287,1837,6831387,103,Vine - Make a Scene,Original tweet,https://t.co/xolcXA6gxe
1586,686050296934563840,2366,811,6831387,103,Twitter for iPhone,Original tweet,https://t.co/BUyX7isHRg
1587,686035780142297088,1239,134,6831387,103,Twitter for iPhone,Original tweet,g
1588,686034024800862208,3342,1290,6831387,103,Twitter for iPhone,Original tweet,https://t.co/oSvRDuMm1D
1589,686007916130873345,2650,460,6831387,103,Twitter for iPhone,Original tweet,https://t.co/heAGpKTpPW
1590,686003207160610816,1954,704,6831387,103,Twitter for iPhone,Original tweet,https://t.co/NOIiRWr5Jf
1591,685973236358713344,2268,590,6831387,103,Twitter for iPhone,Original tweet,https://t.co/xbUoULOIS8
1592,685943807276412928,1756,674,6831387,103,Twitter for iPhone,Original tweet,https://t.co/wbAcvFoNtn
1593,685906723014619143,8081,3203,6831387,103,Twitter for iPhone,Original tweet,https://t.co/NnLjg6BgyF
1594,685681090388975616,2171,139,6831387,103,Twitter for iPhone,Original tweet,️
1595,685667379192414208,2505,636,6831387,103,Twitter for iPhone,Original tweet,https://t.co/u427woxFpJ
1596,685663452032069632,3480,1606,6831387,103,Twitter for iPhone,Original tweet,https://t.co/AcVWe39nmM
1597,685641971164143616,3138,854,6831387,103,Twitter for iPhone,Original tweet,https://t.co/jJS8qQeuNO
1598,685547936038666240,35388,17243,6831387,103,Twitter for iPhone,Original tweet,https://t.co/3m6bNGXWnM
1599,685532292383666176,3261,1269,6831387,103,Twitter for iPhone,Original tweet,https://t.co/GboDG8WhJG
1600,685325112850124800,10198,4398,6831387,103,Twitter for iPhone,Original tweet,https://t.co/VGPH0TfESw
1601,685321586178670592,2843,712,6831387,103,Twitter for iPhone,Original tweet,https://t.co/MbgG95mUdu
1602,685315239903100929,3591,1187,6831387,103,Twitter for iPhone,Original tweet,https://t.co/QIe7oxkSNo
1603,685307451701334016,2212,482,6831386,103,Twitter for iPhone,Original tweet,https://t.co/rwW7z1JAOF
1604,685268753634967552,3336,1334,6831386,103,Twitter for iPhone,Original tweet,https://t.co/vzCl35fKlZ
1605,685198997565345792,2489,736,6831386,103,Twitter for iPhone,Original tweet,https://t.co/530Yfbl5xo
1606,685169283572338688,4389,1569,6831386,103,Twitter for iPhone,Original tweet,https://t.co/UfGkB9Wrud
1607,684969860808454144,2459,422,6831386,103,Twitter for iPhone,Original tweet,u
1608,684959798585110529,7145,3443,6831386,103,Twitter for iPhone,Original tweet,https://t.co/85q7xlplsJ
1609,684940049151070208,3448,1152,6831386,103,Twitter for iPhone,Original tweet,https://t.co/zNeLxJeAoL
1610,684926975086034944,3765,523,6831386,103,Twitter for iPhone,Original tweet,https://t.co/PEXHuvSVD4
1611,684914660081053696,3755,1610,6831386,103,Twitter for iPhone,Original tweet,https://t.co/AMDsllQs7a
1612,684902183876321280,2007,585,6831386,103,Twitter for iPhone,Original tweet,https://t.co/JVvIrUmTkR
1613,684880619965411328,2250,911,6831386,103,Twitter for iPhone,Original tweet,https://t.co/DnNweb5eTO
1614,684830982659280897,37672,23760,6831386,103,Vine - Make a Scene,Original tweet,https://t.co/e3LPMAHj7p
1615,684800227459624960,2910,1090,6831387,103,Twitter for iPhone,Original tweet,https://t.co/J3Ld4fRbSy
1616,684594889858887680,9590,3895,6831387,103,Twitter for iPhone,Original tweet,https://t.co/uhQNehTpIu
1617,684588130326986752,4416,1552,6831387,103,Vine - Make a Scene,Original tweet,https://t.co/2sHwD7HztL
1618,684567543613382656,3225,1362,6831387,103,Twitter for iPhone,Original tweet,https://t.co/b8XW69gSaU
1619,684538444857667585,2845,1061,6831387,103,Twitter for iPhone,Original tweet,https://t.co/IKoRK4yoxV
1620,684481074559381504,4144,1288,6831387,103,Twitter for iPhone,Original tweet,https://t.co/nBtDeZ4yAb
1621,684460069371654144,2114,611,6831387,103,Twitter for iPhone,Original tweet,https://t.co/bicyOV6lju
1622,684241637099323392,8756,3632,6831387,103,Twitter for iPhone,Original tweet,https://t.co/feiPiq7z94
1623,684225744407494656,1329,232,6831387,103,Twitter for iPhone,Original tweet,https://t.co/kRK51Y5ac3
1624,684222868335505415,4123,1523,6831387,103,Twitter for iPhone,Original tweet,https://t.co/1zfnTJLt55
1625,684200372118904832,2328,1135,6831387,103,Twitter for iPhone,Original tweet,https://t.co/jkCb25OWfh
1626,684195085588783105,2051,571,6831387,103,Twitter for iPhone,Original tweet,https://t.co/cUxGtnBfc2
1627,684188786104872960,3731,1294,6831387,103,Twitter for iPhone,Original tweet,https://t.co/e0gbl9VFpA
1628,684177701129875456,2165,739,6831387,103,Twitter for iPhone,Original tweet,https://t.co/myUUwqJIs7
1629,684147889187209216,3194,1648,6831387,103,Vine - Make a Scene,Original tweet,https://t.co/WYiFzuX7D4
1630,684122891630342144,2131,525,6831387,103,Twitter for iPhone,Original tweet,https://t.co/k32mSlRx0j
1631,684097758874210310,4407,1577,6831387,103,Twitter for iPhone,Original tweet,https://t.co/Fz6iZWlk8C
1632,683857920510050305,4064,1227,6831387,103,Twitter for iPhone,Original tweet,https://t.co/LoKVvc1xAW
1633,683852578183077888,2062,385,6831387,103,Twitter for iPhone,Original tweet,https://t.co/Yei0HzS3JN
1634,683849932751646720,2810,1079,6831387,103,Twitter for iPhone,Original tweet,https://t.co/omln4LOy1x
1635,683834909291606017,2812,1218,6831387,103,Twitter for iPhone,Original tweet,https://t.co/O1E4AtHVxO
1636,683828599284170753,2985,1160,6831387,103,Twitter for iPhone,Original tweet,https://t.co/Eeh3yfdglS
1637,683773439333797890,3590,1487,6831387,103,Twitter for iPhone,Original tweet,https://t.co/qipZbshNsR
1638,683742671509258241,6995,3667,6831387,103,Twitter for iPhone,Original tweet,https://t.co/eoL1bCpWCg
1639,683515932363329536,7894,3194,6831387,103,Vine - Make a Scene,Original tweet,https://t.co/XQ1tRUmO3z
1640,683498322573824003,3392,1053,6831387,103,Twitter for iPhone,Original tweet,https://t.co/ObWcOEekt0
1641,683481228088049664,2816,1088,6831387,103,Twitter for iPhone,Original tweet,https://t.co/H7NZFumpKq
1642,683462770029932544,2613,736,6831387,103,Twitter for iPhone,Original tweet,https://t.co/qFD8217fUT
1643,683449695444799489,4169,1771,6831387,103,Twitter for iPhone,Original tweet,https://t.co/1Z7Q6svWpe
1644,683391852557561860,8156,2620,6831387,103,Twitter for iPhone,Original tweet,https://t.co/YHXrdUTHd6
1645,683357973142474752,3162,1036,6831387,103,Twitter for iPhone,Original tweet,https://t.co/g4G5tvfTVd
1646,683142553609318400,3086,1148,6831387,103,Twitter for iPhone,Original tweet,https://t.co/hhIA3coiAJ
1647,683111407806746624,3647,1005,6831387,103,Twitter for iPhone,Original tweet,https://t.co/h3X0jK8MVM
1648,683098815881154561,2320,717,6831387,103,Twitter for iPhone,Original tweet,https://t.co/UOPdXmUz4H
1649,683078886620553216,2127,617,6831387,103,Twitter for iPhone,Original tweet,https://t.co/ny8mnXhGOW
1650,683030066213818368,2313,805,6831387,103,Twitter for iPhone,Original tweet,https://t.co/h3ScYuz77J
1651,682962037429899265,39768,18410,6831387,103,Twitter for iPhone,Original tweet,https://t.co/7EsP8LmSp5
1652,682808988178739200,1897,204,6831387,103,Twitter for iPhone,Original tweet,e
1653,682788441537560576,2646,1232,6831387,103,Twitter for iPhone,Original tweet,https://t.co/ZSdEj59FGf
1654,682750546109968385,1628,479,6831387,103,Twitter for iPhone,Original tweet,https://t.co/85X1GHohFr
1655,682697186228989953,1409,393,6831387,103,Twitter for iPhone,Original tweet,https://t.co/Ny4iM6FDtz
1656,682662431982772225,3263,1178,6831387,103,Twitter for iPhone,Original tweet,https://t.co/WgQTIQ93BB
1657,682638830361513985,2203,658,6831387,103,Twitter for iPhone,Original tweet,https://t.co/viwWHZgX8j
1658,682429480204398592,3675,1276,6831387,103,Twitter for iPhone,Original tweet,https://t.co/5aFw7SWyxU
1659,682406705142087680,8127,1944,6831387,103,Twitter for iPhone,Original tweet,https://t.co/J9DXBFoAQe
1660,682393905736888321,2385,750,6831387,103,Twitter for iPhone,Original tweet,https://t.co/BA5AV5dx6Y
1661,682389078323662849,1786,511,6831387,103,Twitter for iPhone,Original tweet,https://t.co/vBeiQq6SaZ
1662,682303737705140231,3299,1098,6831387,103,Twitter for iPhone,Original tweet,https://t.co/Nm8Spw4HbD
1663,682259524040966145,4471,1345,6831387,103,Twitter for iPhone,Original tweet,https://t.co/i5TeG0KYcW
1664,682242692827447297,3486,1300,6831387,103,Twitter for iPhone,Original tweet,https://t.co/f8dVgDYDFf
1665,682088079302213632,19666,10933,6831387,103,Vine - Make a Scene,Original tweet,https://t.co/4Kn9GEHXiE
1666,682059653698686977,5315,1866,6831387,103,Twitter for iPhone,Original tweet,https://t.co/IriJlVZ6m4
1667,682047327939461121,3439,1063,6831387,103,Twitter for iPhone,Original tweet,https://t.co/fZc7MixeeT
1668,682032003584274432,7052,2220,6831387,103,Twitter for iPhone,Original tweet,https://t.co/gPmJHmtgak
1669,682003177596559360,3375,1678,6831387,103,Twitter for iPhone,Original tweet,https://t.co/Hy9La4xNX3
1670,681981167097122816,2968,1132,6831387,103,Twitter for iPhone,Original tweet,https://t.co/VwdIk0OwVx
1671,681891461017812993,2644,915,6831387,103,Twitter for iPhone,Original tweet,https://t.co/9KThv6z8u5
1672,681694085539872773,13699,4444,6831387,103,Twitter for iPhone,Original tweet,https://t.co/TONMhRoQh7
1673,681679526984871937,1880,488,6831387,103,Twitter for iPhone,Original tweet,https://t.co/3uCcDEJLXs
1674,681654059175129088,2831,1022,6831387,103,Twitter for iPhone,Original tweet,https://t.co/oEXEKt3MHu
1675,681610798867845120,2047,518,6831387,103,Twitter for iPhone,Original tweet,https://t.co/C7M8mnzHIK
1676,681579835668455424,3805,1443,6831387,103,Twitter for iPhone,Original tweet,https://t.co/ojUBrDCHLT
1677,681523177663676416,15364,6409,6831387,103,Twitter for iPhone,Original tweet,https://t.co/GQn2IopLud
1678,681340665377193984,1755,305,6831387,103,Twitter for iPhone,Original tweet,e
1679,681339448655802368,9953,4464,6831387,103,Twitter for iPhone,Original tweet,https://t.co/V3SWuHACkh
1680,681320187870711809,2849,840,6831387,103,Twitter for iPhone,Original tweet,https://t.co/jTBPqKgkz7
1681,681302363064414209,4225,2012,6831388,103,Twitter for iPhone,Original tweet,https://t.co/YqbU9xHV3p
1682,681297372102656000,3405,1055,6831388,103,Twitter for iPhone,Original tweet,https://t.co/Pp26dMQxap
1683,681281657291280384,3442,1211,6831388,103,Twitter for iPhone,Original tweet,https://t.co/KvVoBIgkje
1684,681261549936340994,1556,300,6831388,103,Twitter for iPhone,Original tweet,https://t.co/wL1iDvbcVk
1685,681242418453299201,1602,601,6831388,103,Twitter for iPhone,Original tweet,https://t.co/VGsziXImoy
1686,681231109724700672,2558,530,6831388,103,Twitter for iPhone,Original tweet,https://t.co/P16uhh1PbI
1687,681193455364796417,3973,1636,6831388,103,Twitter for iPhone,Original tweet,https://t.co/oBlgL9nxpx
1688,680970795137544192,2594,725,6831388,103,Twitter for iPhone,Original tweet,https://t.co/CXSJZ4Stk3
1689,680959110691590145,4878,2182,6831388,103,Twitter for iPhone,Original tweet,https://t.co/u4FYdIRKnY
1690,680940246314430465,3454,1166,6831388,103,Twitter for iPhone,Original tweet,https://t.co/VQXdwJfkyS
1691,680934982542561280,2222,484,6831388,103,Twitter for iPhone,Original tweet,https://t.co/g2bTu4ayPl
1692,680913438424612864,2557,679,6831388,103,Twitter for iPhone,Original tweet,https://t.co/5NrpNDyFzN
1693,680889648562991104,1890,403,6831388,103,Twitter for iPhone,Original tweet,https://t.co/cH2H7mch2H
1694,680836378243002368,3685,1468,6831388,103,Twitter for iPhone,Original tweet,https://t.co/BF4BW8LUgb
1695,680805554198020098,2319,724,6831388,103,Vine - Make a Scene,Original tweet,https://t.co/BYiXJDEzv7
1696,680801747103793152,2538,906,6831388,103,Twitter for iPhone,Original tweet,https://t.co/31npKUAox0
1697,680798457301471234,3057,1145,6831388,103,Twitter for iPhone,Original tweet,https://t.co/w6fRfQ3RXD
1698,680609293079592961,2825,784,6831388,103,Twitter for iPhone,Original tweet,https://t.co/WvJRg0XJit
1699,680583894916304897,3856,1473,6831388,103,Twitter for iPhone,Original tweet,https://t.co/YNWU7LeFgg
1700,680497766108381184,4532,2104,6831387,103,Twitter for iPhone,Original tweet,https://t.co/QGM5Fcuv7s
1701,680494726643068929,1836,528,6831387,103,Twitter for iPhone,Original tweet,https://t.co/eNm2S6p9BD
1702,680473011644985345,2710,821,6831388,103,Twitter for iPhone,Original tweet,https://t.co/OdUFuZIXiI
1703,680440374763077632,1550,552,6831388,103,Twitter for iPhone,Original tweet,https://t.co/UKqIAnR3He
1704,680221482581123072,1557,318,6831388,103,Twitter for iPhone,Original tweet,https://t.co/ZJUypFFwvg
1705,680206703334408192,3036,1290,6831388,103,Twitter for iPhone,Original tweet,https://t.co/vHnu1g9EJm
1706,680191257256136705,2292,560,6831388,103,Twitter for iPhone,Original tweet,https://t.co/KXg0f8GNQ9
1707,680176173301628928,4170,1715,6831388,103,Twitter for iPhone,Original tweet,https://t.co/NhXo67K6yt
1708,680161097740095489,2474,801,6831388,103,Twitter for iPhone,Original tweet,https://t.co/72Dil0Aktw
1709,680145970311643136,3870,1910,6831388,103,Twitter for iPhone,Original tweet,https://t.co/N5pM6WBx7e
1710,680130881361686529,2452,1043,6831388,103,Twitter for iPhone,Original tweet,https://t.co/w0dcGXq7qK
1711,680115823365742593,2898,1003,6831388,103,Twitter for iPhone,Original tweet,https://t.co/Kt9vmw0Fap
1712,680100725817409536,3814,1505,6831388,103,TweetDeck,Original tweet,https://t.co/lvMYbmKq8H
1713,680085611152338944,13665,9776,6831388,103,TweetDeck,Original tweet,https://t.co/etzLo3sdZE
1714,680070545539371008,2749,962,6831388,103,TweetDeck,Original tweet,https://t.co/Fh7geodBCU
1715,680055455951884288,17876,7827,6831388,103,TweetDeck,Original tweet,https://t.co/MQfPK4zwuh
1716,679877062409191424,2100,706,6831388,103,Twitter for iPhone,Original tweet,https://t.co/SDcQYg0HSZ
1717,679872969355714560,2312,725,6831388,103,Vine - Make a Scene,Original tweet,https://t.co/xZXUKVXJ7l
1718,679862121895714818,2631,684,6831388,103,Twitter for iPhone,Original tweet,https://t.co/eRZRI8OTj7
1719,679854723806179328,3073,1356,6831388,103,Twitter for iPhone,Original tweet,https://t.co/RtxxACzZ8A
1720,679844490799091713,2535,856,6831388,103,Twitter for iPhone,Original tweet,https://t.co/MJqygWqt8X
1721,679828447187857408,38793,15392,6831388,103,Twitter for iPhone,Original tweet,https://t.co/hyAC5Hq9GC
1722,679777920601223168,3300,1234,6831388,103,Twitter for iPhone,Original tweet,https://t.co/PA0czwucsb
1723,679736210798047232,2240,882,6831388,103,Twitter for iPhone,Original tweet,https://t.co/iazoiNUviP
1724,679729593985699840,2312,906,6831388,103,Twitter for iPhone,Original tweet,https://t.co/DbUTDI3u1R
1725,679722016581222400,1770,520,6831388,103,Twitter for iPhone,Original tweet,https://t.co/NL5QJwdEpF
1726,679530280114372609,5082,2277,6831388,103,Twitter for iPhone,Original tweet,https://t.co/yavgkHYPOC
1727,679527802031484928,2832,802,6831388,103,Twitter for iPhone,Original tweet,https://t.co/DA5aqnSGfB
1728,679511351870550016,3605,1414,6831388,103,Twitter for iPhone,Original tweet,https://t.co/bwuV6FlRxr
1729,679503373272485890,3381,1629,6831179,103,Twitter for iPhone,Original tweet,https://t.co/jjW7zTxY9Z
1730,679475951516934144,2246,703,6831388,103,Twitter for iPhone,Original tweet,https://t.co/VITeF0Kl9L
1731,679462823135686656,34016,20697,6831388,103,Twitter for iPhone,Original tweet,https://t.co/M6vqkt2GKV
1732,679405845277462528,2540,1328,6831388,103,Vine - Make a Scene,Original tweet,https://t.co/L8wt2IpwxO
1733,679158373988876288,22991,8913,6831388,103,Twitter for iPhone,Original tweet,https://t.co/NLOHmlENag
1734,679148763231985668,2960,1130,6831388,103,Twitter for iPhone,Original tweet,https://t.co/eWjWgbOCYL
1735,679132435750195208,3169,1274,6831388,103,Twitter for iPhone,Original tweet,https://t.co/qoIvjKMY58
1736,679111216690831360,6380,2811,6831388,103,Twitter for iPhone,Original tweet,https://t.co/4R0Cc0sLVE
1737,679062614270468097,18280,9039,6831388,103,Twitter for iPhone,Original tweet,https://t.co/Xl37lQEWd0
1738,679047485189439488,2409,751,6831388,103,Twitter for iPhone,Original tweet,https://t.co/kTpr9PTMg1
1739,679001094530465792,3015,1351,6831388,103,Vine - Make a Scene,Original tweet,https://t.co/Ajquq6oGSg
1740,678991772295516161,2485,1284,6831388,103,Twitter for iPhone,Original tweet,https://t.co/GJT6SILPGU
1741,678969228704284672,1747,506,6831388,103,Twitter for iPhone,Original tweet,https://t.co/etpBNXwN7f
1742,678800283649069056,2746,988,6831388,103,Twitter for iPhone,Original tweet,https://t.co/DpCSVsl6vu
1743,678798276842360832,3721,1303,6831388,103,Twitter for iPhone,Original tweet,https://t.co/blaY85FIxR
1744,678774928607469569,2968,1011,6831388,103,Twitter for iPhone,Original tweet,https://t.co/Sp739Ou2qx
1745,678767140346941444,3768,1507,6831388,103,Twitter for iPhone,Original tweet,https://t.co/G6TQVgTcZz
1746,678764513869611008,1741,526,6831388,103,Twitter for iPhone,Original tweet,https://t.co/m6XoclB0qv
1747,678755239630127104,7630,3640,6831388,103,Twitter for iPhone,Original tweet,https://t.co/NqcOwG8pxW
1748,678740035362037760,3998,1871,6831388,103,Twitter for iPhone,Original tweet,https://t.co/p2T5kGebxe
1749,678708137298427904,5935,2669,6831388,103,Vine - Make a Scene,Original tweet,https://t.co/sZy9Co74Bw
1750,678675843183484930,3069,1634,6831388,103,Twitter for iPhone,Original tweet,https://t.co/a8SqCaSo2r
1751,678643457146150913,2186,470,6831388,103,Twitter for iPhone,Original tweet,https://t.co/QBGwYrT7rv
1752,678446151570427904,4260,1726,6831388,103,Twitter for iPhone,Original tweet,https://t.co/AJWJHov5gx
1753,678424312106393600,5776,2788,6831388,103,Twitter for iPhone,Original tweet,https://t.co/rtMtjSl9pz
1754,678410210315247616,4527,2000,6831388,103,Twitter for iPhone,Original tweet,https://t.co/dIy88HwrX8
1755,678399652199309312,61866,30285,6831388,103,Twitter for iPhone,Original tweet,https://t.co/VRTbo3aAcm
1756,678396796259975168,1689,459,6831388,103,Twitter for iPhone,Original tweet,https://t.co/LmThv0GWen
1757,678389028614488064,1990,459,6831388,103,Twitter for iPhone,Original tweet,https://t.co/auOoKuoveM
1758,678380236862578688,2595,988,6831388,103,Twitter for iPhone,Original tweet,https://t.co/a0Zx5LDFZa
1759,678341075375947776,1840,590,6831388,103,Twitter for iPhone,Original tweet,https://t.co/cSp6w5GWgm
1760,678334497360859136,1382,292,6831388,103,Twitter for iPhone,Original tweet,https://t.co/GO76MdGBs0
1761,678278586130948096,12238,6644,6831388,103,Twitter for iPhone,Original tweet,https://t.co/JK8MByRzgj
1762,678255464182861824,1687,407,6831388,103,Twitter for iPhone,Original tweet,https://t.co/nZhmRwZzWv
1763,678023323247357953,2050,426,6831389,103,Twitter for iPhone,Original tweet,0
1764,678021115718029313,14655,6957,6831389,103,Twitter for iPhone,Original tweet,https://t.co/cbLroGCbmh
1765,677961670166224897,3625,1831,6831389,103,Vine - Make a Scene,Original tweet,https://t.co/4JS92YAxTi
1766,677918531514703872,1435,445,6831389,103,Twitter for iPhone,Original tweet,https://t.co/lWL2IMJqLR
1767,677895101218201600,5146,2315,6831389,103,Twitter for iPhone,Original tweet,https://t.co/EJImi1udYb
1768,677716515794329600,3244,1067,6831389,103,Twitter for iPhone,Original tweet,https://t.co/ZanVtAtvIq
1769,677700003327029250,3600,1568,6831389,103,Twitter for iPhone,Original tweet,https://t.co/zoDdPyPFsa
1770,677698403548192770,1298,348,6831389,103,Twitter for iPhone,Original tweet,https://t.co/fm7HxOsuPK
1771,677687604918272002,2627,918,6831389,103,Twitter for iPhone,Original tweet,https://t.co/gzkuVGRgAD
1772,677673981332312066,3545,1632,6831389,103,Twitter for iPhone,Original tweet,https://t.co/GFVIHIod0Z
1773,677662372920729601,2078,1065,6831389,103,Twitter for iPhone,Original tweet,https://t.co/pvjdRn00XH
1774,677644091929329666,1996,868,6831389,103,Twitter for iPhone,Original tweet,https://t.co/Ozo9KHTRND
1775,677573743309385728,2271,798,6831389,103,Twitter for iPhone,Original tweet,https://t.co/Htu8plSqEu
1776,677565715327688705,1369,499,6831389,103,Twitter for iPhone,Original tweet,https://t.co/EX9oR55VMe
1777,677557565589463040,2590,1270,6831389,103,Twitter for iPhone,Original tweet,https://t.co/96IBkOYB7j
1778,677547928504967168,7371,3960,6831389,103,Twitter for iPhone,Original tweet,https://t.co/AGag0hFHpe
1779,677530072887205888,1130,244,6831389,103,Twitter for iPhone,Original tweet,https://t.co/DKe9DBnnHE
1780,677335745548390400,3245,1951,6831389,103,Vine - Make a Scene,Original tweet,https://t.co/vSLtYBWHcQ
1781,677334615166730240,1438,320,6831389,103,Twitter for iPhone,Original tweet,https://t.co/KmMv3Y2zI8
1782,677331501395156992,1157,258,6831389,103,Twitter for iPhone,Original tweet,https://t.co/FS7eJQM2F4
1783,677328882937298944,3857,1633,6831389,103,Twitter for iPhone,Original tweet,https://t.co/KgcsGNb61s
1784,677314812125323265,1750,586,6831389,103,Twitter for iPhone,Original tweet,https://t.co/fgORpmTN9C
1785,677301033169788928,1321,451,6831389,103,Twitter for iPhone,Original tweet,https://t.co/IoLRvF0Kak
1786,677269281705472000,2107,767,6831389,103,Twitter for iPhone,Original tweet,https://t.co/ep8ATEJwRb
1787,677228873407442944,3754,1783,6831389,103,Twitter for iPhone,Original tweet,https://t.co/hGkMCjZzn4
1788,677187300187611136,2900,1000,6831389,103,Twitter for iPhone,Original tweet,https://t.co/gzI0m6wXRo
1789,676975532580409345,2940,1168,6831414,103,Twitter for iPhone,Original tweet,https://t.co/j1zczS0lI5
1790,676957860086095872,2338,883,6831414,103,Twitter for iPhone,Original tweet,https://t.co/ngTNXYQF0L
1791,676949632774234114,1373,428,6831414,103,Twitter for iPhone,Original tweet,https://t.co/HqM3YhCaaa
1792,676948236477857792,2297,951,6831414,103,Twitter for iPhone,Original tweet,https://t.co/Lo4ALwjVh4
1793,676946864479084545,1803,410,6831414,103,Twitter for iPhone,Original tweet,https://t.co/2mXALbgBTV
1794,676942428000112642,2201,831,6831414,103,Twitter for iPhone,Original tweet,https://t.co/PWMqAoEx2a
1795,676936541936185344,13479,5354,6831414,103,Twitter for iPhone,Original tweet,https://t.co/mqvaxleHRz
1796,676916996760600576,3150,1951,6831414,103,Vine - Make a Scene,Original tweet,https://t.co/uPXBXS1XNb
1797,676897532954456065,2380,788,6831414,103,Twitter for iPhone,Original tweet,https://t.co/Avq4awulqk
1798,676864501615042560,2232,781,6831414,103,Twitter for iPhone,Original tweet,https://t.co/NJj2uP0atK
1799,676821958043033607,24493,17028,6831414,103,Twitter for iPhone,Original tweet,https://t.co/mvQaETHVSb
1800,676819651066732545,1909,721,6831414,103,Twitter for iPhone,Original tweet,https://t.co/1HrFdo7M0C
1801,676811746707918848,1502,459,6831414,103,Twitter for iPhone,Original tweet,https://t.co/aqBHjjh5VD
1802,676776431406465024,5280,2186,6831414,103,Twitter for iPhone,Original tweet,https://t.co/4rMZi5Ca1k
1803,676617503762681856,3064,1071,6831415,103,Twitter for iPhone,Original tweet,https://t.co/mpQl2rJjDh
1804,676613908052996102,1151,210,6831415,103,Twitter for iPhone,Original tweet,https://t.co/vQ2Lw1BLBF
1805,676606785097199616,1991,478,6831415,103,Twitter for iPhone,Original tweet,https://t.co/N5QL4ySBEx
1806,676603393314578432,1237,426,6831415,103,Twitter for iPhone,Original tweet,https://t.co/g1tLGkyaxr
1807,676593408224403456,4840,2344,6831415,103,Vine - Make a Scene,Original tweet,https://t.co/APvLqbEhkF
1808,676590572941893632,976,139,6831415,103,Twitter for iPhone,Original tweet,u
1809,676588346097852417,2471,865,6831415,103,Twitter for iPhone,Original tweet,https://t.co/Nrhvc5tLFT
1810,676582956622721024,1272,305,6831415,103,Twitter for iPhone,Original tweet,https://t.co/vZYtynZZlH
1811,676575501977128964,2732,1222,6831415,103,Twitter for iPhone,Original tweet,https://t.co/NsGyECJuq7
1812,676533798876651520,1982,604,6831415,103,Twitter for iPhone,Original tweet,https://t.co/bfw13CnuuZ
1813,676496375194980353,1598,580,6831415,103,Twitter for iPhone,Original tweet,https://t.co/eoBCjSFajX
1814,676470639084101634,12335,5078,6831415,103,Twitter for iPhone,Original tweet,https://t.co/tAmQYvzrau
1815,676440007570247681,1818,728,6831415,103,Twitter for iPhone,Original tweet,https://t.co/dB0H9hdZai
1816,676430933382295552,1475,374,6831415,103,Twitter for iPhone,Original tweet,https://t.co/3bim9U5Idr
1817,676263575653122048,2185,591,6831415,103,Twitter for iPhone,Original tweet,https://t.co/fTgbq1UBR9
1818,676237365392908289,1289,322,6831415,103,Twitter for iPhone,Original tweet,https://t.co/dOLQddhXLZ
1819,676219687039057920,79101,33731,6831415,103,Twitter for iPhone,Original tweet,https://t.co/uQt37xlYMJ
1820,676215927814406144,1832,638,6831415,103,Twitter for iPhone,Original tweet,https://t.co/tg8h9lzCHv
1821,676191832485810177,2402,1112,6831415,103,Twitter for iPhone,Original tweet,https://t.co/gwryaJO4tC
1822,676146341966438401,2026,724,6831415,103,Twitter for iPhone,Original tweet,https://t.co/lmQRrNxaQu
1823,676121918416756736,2265,1265,6831415,103,Vine - Make a Scene,Original tweet,https://t.co/ICNIjSkrXs
1824,676101918813499392,2964,1251,6831415,103,Twitter for iPhone,Original tweet,https://t.co/B3xxSLjQSH
1825,676098748976615425,3187,1562,6831415,103,Twitter for iPhone,Original tweet,https://t.co/REyE5YKVBb
1826,676089483918516224,1386,464,6831415,103,Twitter for iPhone,Original tweet,https://t.co/Cuz0Osnekp
1827,675898130735476737,1731,630,6831415,103,Twitter for iPhone,Original tweet,https://t.co/G0pQiFGM7O
1828,675891555769696257,2248,946,6831415,103,Twitter for iPhone,Original tweet,https://t.co/kiW6Knb7Gp
1829,675888385639251968,2514,1037,6831415,103,Twitter for iPhone,Original tweet,https://t.co/06oZdehGEa
1830,675878199931371520,4418,1526,6831415,103,Twitter for iPhone,Original tweet,https://t.co/sfsVCGIipI
1831,675870721063669760,1734,611,6831415,103,Twitter for iPhone,Original tweet,https://t.co/QG708dDNH6
1832,675853064436391936,2843,1410,6831415,103,Twitter for iPhone,Original tweet,https://t.co/y93p6FLvVw
1833,675849018447167488,998,165,6831415,103,Twitter for iPhone,Original tweet,u
1834,675845657354215424,2411,966,6831415,103,Twitter for iPhone,Original tweet,https://t.co/40dj4eTsXG
1835,675822767435051008,1606,574,6831415,103,Twitter for iPhone,Original tweet,https://t.co/GK2HJtkdQk
1836,675820929667219457,1107,247,6831416,103,Twitter for iPhone,Original tweet,https://t.co/lyXX3v5j4s
1837,675798442703122432,10836,3663,6831416,103,Twitter for iPhone,Original tweet,https://t.co/whQKMygnK6
1838,675781562965868544,1702,513,6831416,103,Twitter for iPhone,Original tweet,https://t.co/DVAqAnb624
1839,675740360753160193,1224,373,6831416,103,Twitter for iPhone,Original tweet,https://t.co/AUJi8ujxw9
1840,675710890956750848,1998,899,6831416,103,Twitter for iPhone,Original tweet,https://t.co/JWi6YrpiO1
1841,675707330206547968,2100,746,6831416,103,Twitter for iPhone,Original tweet,https://t.co/ALJvbtcwf0
1842,675706639471788032,679,103,6831416,103,Twitter for iPhone,Original tweet,https://t.co/7E0AiJXPmI
1843,675534494439489536,1904,452,6831416,103,Twitter for iPhone,Original tweet,https://t.co/H7kpabTfLj
1844,675531475945709568,1243,416,6831416,103,Twitter for iPhone,Original tweet,https://t.co/c9jmg3Xtzn
1845,675522403582218240,1093,307,6831416,103,Twitter for iPhone,Original tweet,https://t.co/rO2zxf0OQ0
1846,675517828909424640,1378,492,6831416,103,Twitter for iPhone,Original tweet,https://t.co/XDiQw4Akiw
1847,675501075957489664,18066,6287,6831416,103,Twitter for iPhone,Original tweet,https://t.co/WId5lxNdPH
1848,675497103322386432,3308,1403,6831416,103,Twitter for iPhone,Original tweet,https://t.co/h3AWz4AzuC
1849,675489971617296384,1362,645,6831416,103,Twitter for iPhone,Original tweet,https://t.co/MnTrKaQ8Wn
1850,675483430902214656,1944,1048,6831416,103,Twitter for iPhone,Original tweet,https://t.co/C3tlKVq7eO
1851,675432746517426176,1596,613,6831416,103,Twitter for iPhone,Original tweet,https://t.co/wNkqAED6lG
1852,675372240448454658,1799,545,6831416,103,Twitter for iPhone,Original tweet,https://t.co/IyAXinfyju
1853,675362609739206656,1102,250,6831416,103,Twitter for iPhone,Original tweet,https://t.co/cZlkvgRPdn
1854,675354435921575936,34472,18484,6831416,103,Twitter Web Client,Original tweet,https://t.co/Bb3xnpsWBC
1855,675349384339542016,4143,2445,6831416,103,Twitter for iPhone,Original tweet,https://t.co/ZQZf2U4xCP
1856,675334060156301312,2923,1389,6831416,103,Twitter for iPhone,Original tweet,https://t.co/2d68FmWGGs
1857,675166823650848770,3808,1744,6831416,103,Twitter for iPhone,Original tweet,https://t.co/bijCeHeX4C
1858,675153376133427200,6616,2808,6831416,103,Twitter for iPhone,Original tweet,https://t.co/RDXCfk8hK0
1859,675149409102012420,3934,1816,6831416,103,Twitter for iPhone,Original tweet,https://t.co/p6O8X93bTQ
1860,675147105808306176,994,260,6831416,103,Twitter for iPhone,Original tweet,https://t.co/f50mbB4UWS
1861,675146535592706048,1255,338,6831416,103,Twitter for iPhone,Original tweet,https://t.co/Uz52oYnHzF
1862,675145476954566656,2242,967,6831416,103,Twitter for iPhone,Original tweet,https://t.co/YDgstgIDGs
1863,675135153782571009,1362,529,6831416,103,Twitter for iPhone,Original tweet,https://t.co/zf7Sxxjfp3
1864,675113801096802304,2052,842,6831416,103,Twitter for iPhone,Original tweet,https://t.co/2H5SKmk0k7
1865,675111688094527488,1011,272,6831416,103,Twitter for iPhone,Original tweet,https://t.co/lFU9W31Fg9
1866,675109292475830276,2928,1216,6831416,103,Twitter for iPhone,Original tweet,https://t.co/WjcELNEqN2
1867,675047298674663426,1110,354,6831416,103,Twitter for iPhone,Original tweet,https://t.co/diboDRUuEI
1868,675015141583413248,2846,1290,6831416,103,Twitter for iPhone,Original tweet,https://t.co/JAncIdNp8G
1869,675006312288268288,1023,242,6831416,103,Twitter for iPhone,Original tweet,https://t.co/QMmAqA9VqO
1870,675003128568291329,1624,505,6831416,103,Twitter for iPhone,Original tweet,https://t.co/pCGDgLkLo6
1871,674999807681908736,2362,1190,6831416,103,Twitter for iPhone,Original tweet,https://t.co/i9CDd1oEu8
1872,674805413498527744,906,380,6831416,103,Twitter for iPhone,Original tweet,https://t.co/vqFkgYPCW8
1873,674800520222154752,3153,929,6831416,103,Twitter for iPhone,Original tweet,https://t.co/cMI2AcLm4B
1874,674793399141146624,2631,1174,6831416,103,Twitter for iPhone,Original tweet,https://t.co/HwroPYv8pY
1875,674790488185167872,1152,271,6831416,103,Twitter for iPhone,Original tweet,https://t.co/L1puJISV1a
1876,674788554665512960,846,223,6831416,103,Twitter for iPhone,Original tweet,https://t.co/P3ElQ2wsjb
1877,674781762103414784,2098,1299,6831416,103,Twitter for iPhone,Original tweet,https://t.co/ot8yMUGodj
1878,674774481756377088,1181,513,6831416,103,Twitter for iPhone,Original tweet,https://t.co/gxIFgg8ktm
1879,674767892831932416,1922,858,6831416,103,Twitter for iPhone,Original tweet,https://t.co/Bob33W4sfD
1880,674764817387900928,826,258,6831416,103,Twitter for iPhone,Original tweet,https://t.co/RBiQ8hPqwr
1881,674754018082705410,1425,481,6831416,103,Twitter for iPhone,Original tweet,https://t.co/9YmNcxA2Cc
1882,674752233200820224,1540,501,6831416,103,Twitter for iPhone,Original tweet,https://t.co/rLf7asnHxO
1883,674743008475090944,1470,587,6831207,103,Twitter for iPhone,Original tweet,https://t.co/VagYftZccT
1884,674742531037511680,514,54,6831416,103,Twitter for iPhone,Original tweet,u
1885,674739953134403584,1172,422,6831416,103,Twitter for iPhone,Original tweet,https://t.co/URNs5zFskc
1886,674737130913071104,673,99,6831417,103,Twitter for iPhone,Original tweet,https://t.co/KNfLnYPmYh
1887,674690135443775488,1201,499,6831417,103,Twitter for iPhone,Original tweet,https://t.co/Unz1uNrOzo
1888,674670581682434048,1692,699,6831417,103,Twitter for iPhone,Original tweet,https://t.co/NRNExUy9Hm
1889,674664755118911488,963,271,6831417,103,Twitter for iPhone,Original tweet,https://t.co/S8wCLemrNb
1890,674646392044941312,1499,538,6831417,103,Twitter for iPhone,Original tweet,https://t.co/YPfw7oahbD
1891,674644256330530816,1075,295,6831417,103,Twitter for iPhone,Original tweet,https://t.co/m6aC8d1Kzp
1892,674638615994089473,1754,628,6831417,103,Twitter for iPhone,Original tweet,https://t.co/F33n1hy3LL
1893,674632714662858753,1566,615,6831417,103,Twitter for iPhone,Original tweet,https://t.co/EJzzNHE8bE
1894,674606911342424069,985,108,6831417,103,Twitter for iPhone,Original tweet,s
1895,674468880899788800,6504,2209,6831417,103,Twitter for iPhone,Original tweet,https://t.co/6d9WziPXmx
1896,674447403907457024,1110,382,6831417,103,Twitter for iPhone,Original tweet,https://t.co/AyJ7Ohk71f
1897,674436901579923456,1166,420,6831417,103,Twitter for iPhone,Original tweet,https://t.co/CLEOjxhTEx
1898,674422304705744896,1492,568,6831417,103,Twitter for iPhone,Original tweet,https://t.co/BxTJAFSIgk
1899,674416750885273600,711,149,6831417,103,Twitter for iPhone,Original tweet,https://t.co/7qjXy1uUYY
1900,674410619106390016,1250,500,6831417,103,Twitter for iPhone,Original tweet,https://t.co/CZ0YaB40Hn
1901,674394782723014656,1563,615,6831417,103,Twitter for iPhone,Original tweet,https://t.co/cAlB4XCcsi
1902,674372068062928900,888,330,6831417,103,Twitter for iPhone,Original tweet,https://t.co/G4m0TFY9uc
1903,674330906434379776,583,77,6831417,103,Twitter for iPhone,Original tweet,7
1904,674318007229923329,1477,551,6831417,103,Twitter for iPhone,Original tweet,https://t.co/7mf8XXPAZv
1905,674307341513269249,11858,7430,6831417,103,Vine - Make a Scene,Original tweet,https://t.co/SroTpI6psB
1906,674291837063053312,15451,6329,6831417,103,Twitter for iPhone,Original tweet,https://t.co/2S6oye3XqK
1907,674271431610523648,1638,777,6831417,103,Twitter for iPhone,Original tweet,https://t.co/3aXX6wH6it
1908,674269164442398721,934,245,6831417,103,Twitter for iPhone,Original tweet,https://t.co/vYe9RlVz2N
1909,674265582246694913,1712,900,6831417,103,Twitter for iPhone,Original tweet,https://t.co/Pu9RhfHDEQ
1910,674262580978937856,1353,488,6831417,103,Twitter for iPhone,Original tweet,https://t.co/gJS1qU0jP7
1911,674255168825880576,1528,601,6831417,103,Twitter for iPhone,Original tweet,https://t.co/r6LZN1o1Gx
1912,674082852460433408,784,181,6831417,103,Twitter for iPhone,Original tweet,https://t.co/Bko5kFJYUU
1913,674075285688614912,1020,305,6831417,103,Twitter for iPhone,Original tweet,https://t.co/7jOPktauh4
1914,674063288070742018,6647,2378,6831417,103,Twitter for iPhone,Original tweet,https://t.co/1ZbfqAVDg6
1915,674053186244734976,3477,1399,6831417,103,Twitter for iPhone,Original tweet,https://t.co/gQAMg5ypW5
1916,674051556661161984,1516,516,6831417,103,Twitter for iPhone,Original tweet,https://t.co/YE2XDHy4Yk
1917,674045139690631169,1475,688,6831417,103,Twitter for iPhone,Original tweet,https://t.co/t5ih0VrK02
1918,674042553264685056,750,136,6831416,103,Twitter for iPhone,Original tweet,https://t.co/sAI6gCGZYX
1919,674038233588723717,1147,436,6831416,103,Twitter for iPhone,Original tweet,https://t.co/nX8FiGRHvk
1920,674036086168010753,876,233,6831416,103,Twitter for iPhone,Original tweet,https://t.co/jcNdw43BIP
1921,674024893172875264,1868,1309,6831417,103,Twitter for iPhone,Original tweet,https://t.co/qzYXbyv0SJ
1922,674019345211760640,1180,322,6831417,103,Twitter for iPhone,Original tweet,https://t.co/fqiEsTduEs
1923,674014384960745472,1636,693,6831417,103,Twitter for iPhone,Original tweet,https://t.co/Ac37LOe3xD
1924,674008982932058114,1253,376,6831417,103,Twitter for iPhone,Original tweet,https://t.co/PiSXXZjDSJ
1925,673956914389192708,2035,1034,6831417,103,Twitter for iPhone,Original tweet,https://t.co/nyReCVRiyd
1926,673919437611909120,1216,388,6831417,103,Twitter for iPhone,Original tweet,https://t.co/cdwPTsGEAb
1927,673906403526995968,3327,1740,6831417,103,Twitter for iPhone,Original tweet,https://t.co/t5rQHl6W8M
1928,673887867907739649,973,267,6831417,103,Twitter for iPhone,Original tweet,https://t.co/6qYd6BNSPd
1929,673716320723169284,3211,813,6831417,103,Twitter for iPhone,Original tweet,u
1930,673715861853720576,3697,2234,6831417,103,Twitter for iPhone,Original tweet,https://t.co/dFiaKZ9cDl
1931,673711475735838725,1083,318,6831417,103,Twitter for iPhone,Original tweet,https://t.co/MTOOksRzvH
1932,673709992831262724,886,296,6831417,103,Twitter for iPhone,Original tweet,https://t.co/s2ktuPQd79
1933,673708611235921920,1115,308,6831417,103,Twitter for iPhone,Original tweet,https://t.co/kLV8zUCfc8
1934,673707060090052608,1147,419,6831417,103,Twitter for iPhone,Original tweet,https://t.co/QyH1CaY3SM
1935,673705679337693185,1308,422,6831417,103,Twitter for iPhone,Original tweet,https://t.co/Ymg4fwKlZd
1936,673700254269775872,1492,609,6831417,103,Twitter for iPhone,Original tweet,https://t.co/mcPd5AFfhA
1937,673697980713705472,3965,2092,6831417,103,Twitter for iPhone,Original tweet,https://t.co/lepRCaGcgw
1938,673689733134946305,1816,689,6831417,103,Twitter for iPhone,Original tweet,https://t.co/YPsJasNVGe
1939,673688752737402881,1317,527,6831417,103,Twitter for iPhone,Original tweet,https://t.co/jMki5GOV3y
1940,673686845050527744,1506,465,6831417,103,Twitter for iPhone,Original tweet,https://t.co/wImU0jdx3E
1941,673680198160809984,1426,499,6831417,103,Twitter for iPhone,Original tweet,https://t.co/GwvpQiQ7oQ
1942,673662677122719744,1302,384,6831417,103,Twitter for iPhone,Original tweet,https://t.co/fJulMurnfj
1943,673656262056419329,748,258,6831417,103,Twitter for iPhone,Original tweet,https://t.co/PN8hxgZ9We
1944,673636718965334016,1168,394,6831417,103,Twitter for iPhone,Original tweet,https://t.co/gKlLpNzIl3
1945,673612854080196609,1654,774,6831417,103,Twitter for iPhone,Original tweet,https://t.co/0iyItbtkr8
1946,673583129559498752,1239,391,6831417,103,Twitter for iPhone,Original tweet,https://t.co/JpoEvgbDug
1947,673580926094458881,862,284,6831417,103,Twitter for iPhone,Original tweet,https://t.co/H6rqZyE4NP
1948,673576835670777856,1439,596,6831417,103,Twitter for iPhone,Original tweet,https://t.co/WlKiN3ll0w
1949,673363615379013632,1064,330,6831417,103,Twitter for iPhone,Original tweet,https://t.co/m8r9rbcgX4
1950,673359818736984064,1519,711,6831417,103,Twitter for iPhone,Original tweet,https://t.co/EPq0MRAraJ
1951,673355879178194945,1551,625,6831417,103,Twitter for iPhone,Original tweet,https://t.co/0zUxlrhZrQ
1952,673352124999274496,1719,575,6831417,103,Twitter for iPhone,Original tweet,https://t.co/az5PLGzVNJ
1953,673350198937153538,761,223,6831417,103,Twitter for iPhone,Original tweet,https://t.co/RMv9EAv57u
1954,673345638550134785,2626,1372,6831417,103,Twitter for iPhone,Original tweet,https://t.co/GpSkpN8kXS
1955,673343217010679808,1010,283,6831417,103,Twitter for iPhone,Original tweet,https://t.co/dNUbKOSiWW
1956,673342308415348736,1317,630,6831417,103,Twitter for iPhone,Original tweet,https://t.co/w0YTuiRd1a
1957,673320132811366400,14091,8458,6831417,103,Twitter for iPhone,Original tweet,https://t.co/iJABMhVidf
1958,673317986296586240,902,281,6831417,103,Twitter for iPhone,Original tweet,https://t.co/juX48bWpng
1959,673295268553605120,7841,3377,6831417,103,Twitter for iPhone,Original tweet,https://t.co/U36HYQIijg
1960,673270968295534593,1104,394,6831417,103,Twitter for iPhone,Original tweet,https://t.co/mjC0QpXGum
1961,673240798075449344,1473,771,6831417,103,Twitter for iPhone,Original tweet,https://t.co/1euKoOvy49
1962,673213039743795200,2342,900,6831417,103,Twitter for iPhone,Original tweet,https://t.co/CbvCUE6PFI
1963,673148804208660480,1772,668,6831417,103,Twitter for iPhone,Original tweet,https://t.co/tA4WpkI2cw
1964,672997845381865473,2042,764,6831417,103,Twitter for iPhone,Original tweet,https://t.co/dph1UHNJrg
1965,672995267319328768,992,316,6831417,103,Twitter for iPhone,Original tweet,https://t.co/odpuqtz2Fq
1966,672988786805112832,1011,305,6831417,103,Twitter for iPhone,Original tweet,https://t.co/a3zYMcvbXG
1967,672984142909456390,1297,573,6831417,103,Twitter for iPhone,Original tweet,https://t.co/81BCQAyvcs
1968,672980819271634944,1877,1052,6831417,103,Twitter for iPhone,Original tweet,https://t.co/ufHWUFA9Pu
1969,672975131468300288,1754,975,6831417,103,Twitter for iPhone,Original tweet,https://t.co/ZlcF0TIRW1
1970,672970152493887488,994,375,6831417,103,Twitter for iPhone,Original tweet,https://t.co/eb4ta0xtnd
1971,672968025906282496,1367,583,6831417,103,Twitter for iPhone,Original tweet,https://t.co/7CbO2eMAgJ
1972,672964561327235073,1477,680,6831417,103,Twitter for iPhone,Original tweet,https://t.co/1ui7a1ZLTT
1973,672902681409806336,1420,533,6831417,103,Twitter for iPhone,Original tweet,https://t.co/KpLyca3o3E
1974,672898206762672129,922,445,6831417,103,Twitter for iPhone,Original tweet,https://t.co/i4XJEWwdsp
1975,672884426393653248,1618,879,6831417,103,Twitter for iPhone,Original tweet,https://t.co/g5YkRqP0dg
1976,672877615439593473,1065,391,6831417,103,Twitter for iPhone,Original tweet,https://t.co/dJHI7uC2y3
1977,672834301050937345,1367,608,6831417,103,Twitter for iPhone,Original tweet,https://t.co/BIljU0zhLN
1978,672828477930868736,1305,518,6831417,103,Twitter for iPhone,Original tweet,https://t.co/fvxHL6cRRs
1979,672640509974827008,1009,340,6831417,103,Twitter for iPhone,Original tweet,https://t.co/uNrmYDUa9M
1980,672622327801233409,1344,523,6831417,103,Twitter for iPhone,Original tweet,https://t.co/Cv7dRdcMvQ
1981,672614745925664768,1270,623,6831417,103,Twitter for iPhone,Original tweet,https://t.co/ntxsR98f3U
1982,672609152938721280,1157,410,6831417,103,Twitter for iPhone,Original tweet,https://t.co/YAVwvNaois
1983,672604026190569472,1159,431,6831417,103,Twitter for iPhone,Original tweet,https://t.co/xHXNaPAYRe
1984,672594978741354496,1376,641,6831417,103,Twitter for iPhone,Original tweet,https://t.co/jyXbZ35MYz
1985,672591762242805761,989,350,6831417,103,Twitter for iPhone,Original tweet,https://t.co/bWQ0iIcP0w
1986,672591271085670400,756,198,6831417,103,Twitter for iPhone,Original tweet,https://t.co/Pa8EmpDCuI
1987,672538107540070400,1066,394,6831417,103,Twitter for iPhone,Original tweet,https://t.co/rSndxTL0Ap
1988,672523490734551040,677,181,6831417,103,Twitter for iPhone,Original tweet,https://t.co/EH0N3dFKUi
1989,672488522314567680,1154,465,6831417,103,Twitter for iPhone,Original tweet,https://t.co/rVfi6CCidK
1990,672482722825261057,1178,640,6831417,103,Twitter for iPhone,Original tweet,https://t.co/LPPa3btIIt
1991,672481316919734272,739,129,6831417,103,Twitter for iPhone,Original tweet,https://t.co/mVCMemhXAP
1992,672475084225949696,1494,742,6831417,103,Twitter for iPhone,Original tweet,https://t.co/mYhQvAdV4f
1993,672466075045466113,1411,572,6831417,103,Twitter for iPhone,Original tweet,https://t.co/8lKFBOQ2J5
1994,672272411274932228,6718,3588,6831417,103,Twitter for iPhone,Original tweet,https://t.co/ZICNl6tIr5
1995,672267570918129665,1556,646,6831417,103,Twitter for iPhone,Original tweet,https://t.co/jDXxZARQIZ
1996,672264251789176834,1191,363,6831417,103,Twitter for iPhone,Original tweet,https://t.co/TUeuaOmunV
1997,672256522047614977,2926,1653,6831417,103,Twitter for iPhone,Original tweet,https://t.co/PoMKKnKpRd
1998,672254177670729728,1481,782,6831417,103,Twitter for iPhone,Original tweet,https://t.co/OO6MqEbqG3
1999,672248013293752320,1791,639,6831417,103,Twitter for iPhone,Original tweet,https://t.co/uhx5gfpx5k
2000,672245253877968896,713,164,6831418,103,Twitter for iPhone,Original tweet,https://t.co/aCRKDaFmVr
2001,672239279297454080,929,336,6831418,103,Twitter for iPhone,Original tweet,https://t.co/UHJE0UgMf7
2002,672231046314901505,1915,1065,6831418,103,Twitter for iPhone,Original tweet,https://t.co/WH7Nzc5IBA
2003,672222792075620352,813,224,6831418,103,Twitter for iPhone,Original tweet,https://t.co/EW4MsOrF5O
2004,672205392827572224,2348,1225,6831418,103,Twitter for iPhone,Original tweet,https://t.co/yRBQF9OS7D
2005,672169685991993344,1057,393,6831418,103,Twitter for iPhone,Original tweet,https://t.co/AjBkGTyCeO
2006,672160042234327040,905,382,6831418,103,Twitter for iPhone,Original tweet,https://t.co/aNkkl5nH3W
2007,672139350159835138,1824,766,6831419,103,Twitter for iPhone,Original tweet,https://t.co/0OI927mmNJ
2008,672125275208069120,2502,1210,6831419,103,Twitter for iPhone,Original tweet,https://t.co/LquQZiZjJP
2009,672095186491711488,1034,387,6831419,103,Twitter for iPhone,Original tweet,https://t.co/ujnWy26RMe
2010,672082170312290304,979,387,6831419,103,Twitter for iPhone,Original tweet,https://t.co/WTJtf9O8Jg
2011,672068090318987265,1352,545,6831419,103,Twitter for iPhone,Original tweet,https://t.co/XkMtCGhr4a
2012,671896809300709376,8789,4394,6831419,103,Twitter for iPhone,Original tweet,https://t.co/eqmkr2gmPH
2013,671891728106971137,1381,594,6831419,103,Twitter for iPhone,Original tweet,https://t.co/dzZYx2NByW
2014,671882082306625538,3602,1454,6831419,103,Twitter for iPhone,Original tweet,https://t.co/Clg16EVy9O
2015,671879137494245376,1478,728,6831419,103,Twitter for iPhone,Original tweet,https://t.co/vPXKSaNsbE
2016,671874878652489728,1302,584,6831419,103,Twitter for iPhone,Original tweet,https://t.co/3J7wkwW4FG
2017,671866342182637568,1170,530,6831419,103,Twitter for iPhone,Original tweet,https://t.co/FWJQ1zQLiI
2018,671855973984772097,954,483,6831419,103,Twitter for iPhone,Original tweet,https://t.co/gpWLdbposg
2019,671789708968640512,7340,3691,6831419,103,Twitter for iPhone,Original tweet,https://t.co/SfPQ2KeLdq
2020,671768281401958400,1239,553,6831419,103,Twitter for iPhone,Original tweet,https://t.co/TASnD8Q08S
2021,671763349865160704,1748,975,6831419,103,Twitter for iPhone,Original tweet,https://t.co/m9NleZ1i80
2022,671744970634719232,1398,816,6831419,103,Twitter for iPhone,Original tweet,https://t.co/wwwYO9C9kl
2023,671743150407421952,766,240,6831419,103,Twitter for iPhone,Original tweet,https://t.co/2IslQ8ZSc7
2024,671735591348891648,1498,792,6831419,103,Twitter for iPhone,Original tweet,https://t.co/TON0Irzgwr
2025,671729906628341761,8887,4631,6831419,103,Twitter for iPhone,Original tweet,https://t.co/DaD5SyajWt
2026,671561002136281088,13384,7681,6831419,103,Twitter for iPhone,Original tweet,https://t.co/q6RsuOVYwU
2027,671550332464455680,951,219,6831419,103,Twitter for iPhone,Original tweet,s
2028,671547767500775424,1411,632,6831419,103,Twitter for iPhone,Original tweet,https://t.co/f99MV0htAV
2029,671544874165002241,2075,1110,6831419,103,Twitter for iPhone,Original tweet,https://t.co/QVaEMsB9tS
2030,671542985629241344,1135,598,6831419,103,Twitter for iPhone,Original tweet,https://t.co/zzueJV9jCF
2031,671538301157904385,962,418,6831419,103,Twitter for iPhone,Original tweet,https://t.co/fUuiyu2QTD
2032,671536543010570240,1225,434,6831419,103,Twitter for iPhone,Original tweet,https://t.co/1U5Ro5FA4c
2033,671533943490011136,1070,610,6831419,103,Twitter for iPhone,Original tweet,https://t.co/pcx8jm1J1K
2034,671528761649688577,876,272,6831419,103,Twitter for iPhone,Original tweet,https://t.co/HwiLcDPaCi
2035,671520732782923777,1453,561,6831419,103,Twitter for iPhone,Original tweet,https://t.co/C7dPcCUNpF
2036,671518598289059840,983,306,6831419,103,Twitter for iPhone,Original tweet,https://t.co/nLQoltwEZ7
2037,671511350426865664,1680,771,6831419,103,Twitter for iPhone,Original tweet,https://t.co/OgDF2ES3Q9
2038,671504605491109889,7324,3743,6831419,103,Twitter for iPhone,Original tweet,https://t.co/mGW5c50mPA
2039,671497587707535361,957,472,6831419,103,Twitter for iPhone,Original tweet,https://t.co/EY1uZJUGYJ
2040,671488513339211776,1050,496,6831419,103,Twitter for iPhone,Original tweet,https://t.co/CwUK5AIgeD
2041,671486386088865792,605,217,6831419,103,Twitter for iPhone,Original tweet,https://t.co/ympkwF65Dx
2042,671485057807351808,792,243,6831419,103,Twitter for iPhone,Original tweet,https://t.co/CqcRagJlyS
2043,671390180817915904,1471,782,6831419,103,Twitter for iPhone,Original tweet,https://t.co/U1mSS3Ykez
2044,671362598324076544,1164,310,6831419,103,Twitter for iPhone,Original tweet,https://t.co/onC3uMpFF2
2045,671357843010908160,416,155,6831419,103,Twitter for iPhone,Original tweet,https://t.co/lS1TIDagIb
2046,671355857343524864,496,118,6831419,103,Twitter for iPhone,Original tweet,https://t.co/FoCULrC3rD
2047,671347597085433856,1010,460,6831419,103,Twitter for iPhone,Original tweet,https://t.co/svlkUlg3NH
2048,671186162933985280,768,228,6831419,103,Twitter for iPhone,Original tweet,https://t.co/96tMaWyoWt
2049,671182547775299584,1165,362,6831419,103,Twitter for iPhone,Original tweet,https://t.co/F7xwE0wmnu
2050,671166507850801152,908,375,6831419,103,Twitter for iPhone,Original tweet,https://t.co/gFl60yFJ0w
2051,671163268581498880,1731,1173,6831419,103,Twitter for iPhone,Original tweet,https://t.co/U7DQQdZ0mX
2052,671159727754231808,388,86,6831420,103,Twitter for iPhone,Original tweet,https://t.co/iHLo9rGay1
2053,671154572044468225,747,229,6831420,103,Twitter for iPhone,Original tweet,https://t.co/RcksaUrGNu
2054,671151324042559489,695,161,6831420,103,Twitter for iPhone,Original tweet,https://t.co/NKHx0pcOii
2055,671147085991960577,698,242,6831420,103,Twitter for iPhone,Original tweet,https://t.co/34OhVhMkVr
2056,671141549288370177,1212,691,6831420,103,Twitter for iPhone,Original tweet,https://t.co/HYR611wiA4
2057,671138694582165504,967,425,6831420,103,Twitter for iPhone,Original tweet,https://t.co/ycVJyFFkES
2058,671134062904504320,776,205,6831420,103,Twitter for iPhone,Original tweet,https://t.co/BHxr9O7wJY
2059,671122204919246848,3638,2686,6831420,103,Twitter for iPhone,Original tweet,https://t.co/WzVLdSHJU7
2060,671115716440031232,1406,817,6831420,103,Twitter for iPhone,Original tweet,https://t.co/mZD7Bo7HfV
2061,671109016219725825,1189,464,6831420,103,Twitter for iPhone,Original tweet,https://t.co/sYi2G0he4H
2062,670995969505435648,1150,308,6831420,103,Twitter for iPhone,Original tweet,https://t.co/N9W5L7BLTm
2063,670842764863651840,25524,9300,6831420,103,Twitter for iPhone,Original tweet,https://t.co/yfAAo1gdeY
2064,670840546554966016,617,206,6831420,103,Twitter for iPhone,Original tweet,https://t.co/jBnz3MjTzX
2065,670838202509447168,1158,736,6831420,103,Twitter for iPhone,Original tweet,https://t.co/QY5uvMmmQk
2066,670833812859932673,465,132,6831420,103,Twitter for iPhone,Original tweet,https://t.co/459qWNnV3F
2067,670832455012716544,764,231,6831419,103,Twitter for iPhone,Original tweet,https://t.co/Hj2HtxpcSx
2068,670826280409919488,5796,4314,6831419,103,Twitter for iPhone,Original tweet,https://t.co/XOPXCSXiUT
2069,670823764196741120,806,201,6831419,103,Twitter for iPhone,Original tweet,https://t.co/m3ufSDwHHJ
2070,670822709593571328,633,102,6831419,103,Twitter for iPhone,Original tweet,https://t.co/yrqGyMZhW6
2071,670815497391357952,3310,1643,6831419,103,Twitter for iPhone,Original tweet,https://t.co/nLYruSMRe6
2072,670811965569282048,1173,284,6831419,103,Twitter for iPhone,Original tweet,https://t.co/eYP9i9gfYn
2073,670807719151067136,1190,520,6831419,103,Twitter for iPhone,Original tweet,https://t.co/idzH8JH06g
2074,670804601705242624,2044,1004,6831419,103,Twitter for iPhone,Original tweet,https://t.co/DM3ZP3AA7b
2075,670803562457407488,351,93,6831419,103,Twitter for iPhone,Original tweet,https://t.co/9ZuGAmLZDR
2076,670797304698376195,756,248,6831419,103,Twitter for iPhone,Original tweet,https://t.co/yqohZK4CL0
2077,670792680469889025,867,293,6831420,103,Twitter for iPhone,Original tweet,https://t.co/gTy4WMXu8l
2078,670789397210615808,690,254,6831420,103,Twitter for iPhone,Original tweet,https://t.co/RGcNPsmAfY
2079,670786190031921152,627,213,6831420,103,Twitter for iPhone,Original tweet,https://t.co/3r7wznfuoa
2080,670783437142401025,850,419,6831420,103,Twitter for iPhone,Original tweet,https://t.co/jxukeh2BeO
2081,670782429121134593,1641,831,6831420,103,Twitter for iPhone,Original tweet,https://t.co/6dioUL6gcP
2082,670780561024270336,807,304,6831420,103,Twitter for iPhone,Original tweet,https://t.co/Viu56hVhhP
2083,670778058496974848,340,76,6831420,103,Twitter for iPhone,Original tweet,https://t.co/4g5kFdxp6g
2084,670764103623966721,1114,451,6831420,103,Twitter for iPhone,Original tweet,https://t.co/ZfS7chSsi7
2085,670755717859713024,465,120,6831420,103,Twitter for iPhone,Original tweet,https://t.co/F6bI9dF16E
2086,670733412878163972,997,537,6831420,103,Twitter for iPhone,Original tweet,https://t.co/NsDIt8Z80Z
2087,670727704916926465,866,390,6831420,103,Twitter for iPhone,Original tweet,https://t.co/SWnrQAFOtt
2088,670717338665226240,1267,526,6831420,103,Twitter for iPhone,Original tweet,https://t.co/W2MCt9pTed
2089,670704688707301377,790,391,6831420,103,Twitter for iPhone,Original tweet,https://t.co/I1lMUy1FqH
2090,670691627984359425,610,256,6831420,103,Twitter for iPhone,Original tweet,https://t.co/eCVj2xT59V
2091,670679630144274432,779,307,6831420,103,Twitter for iPhone,Original tweet,https://t.co/HMcD9SLOAN
2092,670676092097810432,261,45,6831420,103,Twitter for iPhone,Original tweet,https://t.co/IAc1QCczMc
2093,670668383499735048,11162,5348,6831420,103,Twitter for iPhone,Original tweet,https://t.co/NECxEHN5YU
2094,670474236058800128,1586,809,6831211,103,Twitter for iPhone,Original tweet,https://t.co/7JMAHdJ6A4
2095,670468609693655041,364,89,6831420,103,Twitter for iPhone,Original tweet,https://t.co/dupWSIpSrG
2096,670465786746662913,1010,587,6831420,103,Twitter for iPhone,Original tweet,https://t.co/2BnCLtJMxD
2097,670452855871037440,570,220,6831420,103,Twitter for iPhone,Original tweet,https://t.co/35BcGFdEAK
2098,670449342516494336,1235,710,6831421,103,Twitter for iPhone,Original tweet,https://t.co/cixC0M3P1e
2099,670444955656130560,6973,2091,6831421,103,Twitter for iPhone,Original tweet,https://t.co/J5Mqn8VeYq
2100,670442337873600512,677,206,6831421,103,Twitter for iPhone,Original tweet,https://t.co/mzPoS9wCqp
2101,670435821946826752,1093,555,6831421,103,Twitter for iPhone,Original tweet,https://t.co/sQuKwSKtDE
2102,670434127938719744,1461,688,6831421,103,Twitter for iPhone,Original tweet,https://t.co/cwoP1ftbrj
2103,670433248821026816,335,121,6831421,103,Twitter for iPhone,Original tweet,https://t.co/PXnCdz8qzK
2104,670428280563085312,1446,674,6831421,103,Twitter for iPhone,Original tweet,https://t.co/Fm1SvVLsad
2105,670427002554466305,537,174,6831421,103,Twitter for iPhone,Original tweet,https://t.co/CtuJoLHiDo
2106,670421925039075328,1363,681,6831421,103,Twitter for iPhone,Original tweet,https://t.co/tLRyYvCci3
2107,670420569653809152,655,332,6831421,103,Twitter for iPhone,Original tweet,https://t.co/Z5nqlfjYJi
2108,670417414769758208,588,341,6831421,103,Twitter for iPhone,Original tweet,https://t.co/Dfv2YaHPMn
2109,670411370698022913,2125,958,6831421,103,Twitter for iPhone,Original tweet,https://t.co/1DJfHmfBQN
2110,670408998013820928,580,237,6831421,103,Twitter for iPhone,Original tweet,https://t.co/LXVEHo9JMY
2111,670403879788544000,450,168,6831421,103,Twitter for iPhone,Original tweet,https://t.co/vSd1TWFK1I
2112,670385711116361728,582,227,6831421,103,Twitter for iPhone,Original tweet,https://t.co/MAZx8MPF0S
2113,670374371102445568,767,286,6831421,103,Twitter for iPhone,Original tweet,https://t.co/8yzgYzP94K
2114,670361874861563904,340,71,6831421,103,Twitter for iPhone,Original tweet,https://t.co/98ZBi6o4dj
2115,670338931251150849,442,118,6831421,103,Twitter for iPhone,Original tweet,https://t.co/iTc578yDmY
2116,670319130621435904,4010,1308,6831421,103,Twitter for iPhone,Original tweet,https://t.co/QnfO7HEQGA
2117,670303360680108032,442,143,6831421,103,Twitter for iPhone,Original tweet,https://t.co/yV3Qgjh8iN
2118,670290420111441920,737,300,6831421,103,Twitter for iPhone,Original tweet,https://t.co/orbkAq9kYF
2119,670093938074779648,1077,358,6831421,103,Twitter for iPhone,Original tweet,https://t.co/vYs9IVzHY9
2120,670086499208155136,724,267,6831421,103,Twitter for iPhone,Original tweet,https://t.co/DuQXATW27f
2121,670079681849372674,2320,1335,6831421,103,Twitter for iPhone,Original tweet,https://t.co/Qvj4JZGdQD
2122,670073503555706880,1626,838,6831421,103,Twitter for iPhone,Original tweet,https://t.co/exGrzT9O88
2123,670069087419133954,660,262,6831421,103,Twitter for iPhone,Original tweet,https://t.co/pzrvc7wKGd
2124,670061506722140161,795,367,6831421,103,Twitter for iPhone,Original tweet,https://t.co/uQMFKv1vjn
2125,670055038660800512,695,350,6831421,103,Twitter for iPhone,Original tweet,https://t.co/0gY6XTOpn3
2126,670046952931721218,674,187,6831421,103,Twitter for iPhone,Original tweet,https://t.co/465sIBdvzU
2127,670040295598354432,782,117,6831421,103,Twitter for iPhone,Original tweet,https://t.co/5iYF0Ci0EK
2128,670037189829525505,611,296,6831421,103,Twitter for iPhone,Original tweet,https://t.co/rOTOteKx4q
2129,670003130994700288,345,98,6831421,103,Twitter for iPhone,Original tweet,https://t.co/3NTykJmtHt
2130,669993076832759809,336,89,6831421,103,Twitter for iPhone,Original tweet,https://t.co/kR1fqy4NKK
2131,669972011175813120,461,171,6831421,103,Twitter for iPhone,Original tweet,https://t.co/A6XnvxHiUQ
2132,669970042633789440,313,64,6831421,103,Twitter for iPhone,Original tweet,https://t.co/aeURGO9Qs8
2133,669942763794931712,528,179,6831421,103,Twitter for iPhone,Original tweet,https://t.co/1VJoY3OJ1F
2134,669926384437997569,394,111,6831421,103,Twitter for iPhone,Original tweet,https://t.co/9RYY2NtHDw
2135,669923323644657664,245,61,6831421,103,Twitter for iPhone,Original tweet,https://t.co/6GUGO7azNX
2136,669753178989142016,840,425,6831421,103,Twitter for iPhone,Original tweet,https://t.co/63jh1tYZa5
2137,669749430875258880,283,68,6831421,103,Twitter for iPhone,Original tweet,https://t.co/tbFaTUHLJB
2138,669684865554620416,542,94,6831421,103,Twitter for iPhone,Original tweet,0
2139,669683899023405056,408,116,6831421,103,Twitter for iPhone,Original tweet,https://t.co/NvKJRYDosA
2140,669682095984410625,368,141,6831421,103,Twitter for iPhone,Original tweet,https://t.co/RAwZvMKRZB
2141,669680153564442624,697,304,6831421,103,Twitter for iPhone,Original tweet,https://t.co/IQFZKNUlXx
2142,669661792646373376,838,463,6831422,103,Twitter for iPhone,Original tweet,https://t.co/ODnILTr4QM
2143,669625907762618368,3680,1912,6831422,103,Twitter for iPhone,Original tweet,https://t.co/eqeWw67oU7
2144,669603084620980224,985,392,6831422,103,Twitter for iPhone,Original tweet,https://t.co/MSIbWu4YYs
2145,669597912108789760,533,160,6831422,103,Twitter for iPhone,Original tweet,https://t.co/XmCvma01fF
2146,669583744538451968,1547,988,6831422,103,Twitter for iPhone,Original tweet,https://t.co/f8GXeDbFzu
2147,669573570759163904,450,153,6831422,103,Twitter for iPhone,Original tweet,https://t.co/UpFFYhA1Id
2148,669571471778410496,1648,1061,6831422,103,Twitter for iPhone,Original tweet,https://t.co/fa7olwrF9Y
2149,669567591774625800,243,60,6831422,103,Twitter for iPhone,Original tweet,https://t.co/XPLB3eoXiX
2150,669564461267722241,402,130,6831422,103,Twitter for iPhone,Original tweet,https://t.co/eCRdwouKCl
2151,669393256313184256,378,81,6831422,103,Twitter for iPhone,Original tweet,https://t.co/juktj5qiaD
2152,669375718304980992,1390,764,6831422,103,Twitter for iPhone,Original tweet,https://t.co/ero0XfdGtY
2153,669371483794317312,515,190,6831422,103,Twitter for iPhone,Original tweet,https://t.co/fj4c170cxk
2154,669367896104181761,477,166,6831422,103,Twitter for iPhone,Original tweet,https://t.co/yoB0SM1AAP
2155,669363888236994561,651,242,6831422,103,Twitter for iPhone,Original tweet,https://t.co/jPkd7hhX7m
2156,669359674819481600,381,131,6831422,103,Twitter for iPhone,Original tweet,https://t.co/Eh2v0AyJbi
2157,669354382627049472,2814,1344,6831422,103,Twitter for iPhone,Original tweet,https://t.co/JtA1TG21Xx
2158,669353438988365824,670,269,6831422,103,Twitter for iPhone,Original tweet,https://t.co/qDS1aCqppv
2159,669351434509529089,461,198,6831422,103,Twitter for iPhone,Original tweet,https://t.co/zKNF77dxEA
2160,669328503091937280,1050,440,6831422,103,Twitter for iPhone,Original tweet,https://t.co/0twoigv5jP
2161,669327207240699904,599,121,6831422,103,Twitter for iPhone,Original tweet,https://t.co/6WGFp9cuj6
2162,669324657376567296,513,217,6831422,103,Twitter for iPhone,Original tweet,https://t.co/R5Z6jBTdhc
2163,669216679721873412,938,407,6831422,103,Twitter for iPhone,Original tweet,https://t.co/d8ybynaRwZ
2164,669214165781868544,460,178,6831422,103,Twitter for iPhone,Original tweet,https://t.co/cieaOI0RuT
2165,669203728096960512,1045,503,6831422,103,Twitter for iPhone,Original tweet,https://t.co/HPoce45SI3
2166,669037058363662336,683,328,6831422,103,Twitter for iPhone,Original tweet,https://t.co/Lh1BsJrWPp
2167,669015743032369152,768,392,6831422,103,Twitter for iPhone,Original tweet,https://t.co/Jykq2iq3qN
2168,669006782128353280,597,264,6831422,103,Twitter for iPhone,Original tweet,https://t.co/k0ddVUWTcu
2169,669000397445533696,21683,6734,6831422,103,Twitter for iPhone,Original tweet,https://t.co/ixcuUYCbdD
2170,668994913074286592,458,248,6831422,103,Twitter for iPhone,Original tweet,https://t.co/w5oYFXi0uh
2171,668992363537309700,779,369,6831422,103,Twitter for iPhone,Original tweet,https://t.co/tiVuq6MNwl
2172,668989615043424256,710,345,6831422,103,Twitter for iPhone,Original tweet,https://t.co/1zBp1moFlX
2173,668988183816871936,935,500,6831422,103,Twitter for iPhone,Original tweet,https://t.co/bMhs18elNF
2174,668986018524233728,574,177,6831422,103,Twitter for iPhone,Original tweet,https://t.co/j0Wpa42KCH
2175,668981893510119424,563,326,6831422,103,Twitter for iPhone,Original tweet,https://t.co/0EJXxE9UxW
2176,668979806671884288,826,373,6831422,103,Twitter for iPhone,Original tweet,https://t.co/uxdOfblUB0
2177,668975677807423489,1364,619,6831422,103,Twitter for iPhone,Original tweet,https://t.co/LqAMlFVBoY
2178,668967877119254528,154,25,6831422,103,Twitter for iPhone,Original tweet,5
2179,668960084974809088,736,251,6831422,103,Twitter for iPhone,Original tweet,https://t.co/952hUV6RiK
2180,668955713004314625,295,74,6831422,103,Twitter for iPhone,Original tweet,https://t.co/Dmy2mY2Qj5
2181,668932921458302977,281,61,6831422,103,Twitter for iPhone,Original tweet,https://t.co/rcrKkL7eB6
2182,668902994700836864,330,106,6831422,103,Twitter for iPhone,Original tweet,https://t.co/UqCvpSgMJe
2183,668892474547511297,412,161,6831422,103,Twitter for iPhone,Original tweet,https://t.co/HyDpTU5Jhj
2184,668872652652679168,548,313,6831422,103,Twitter for iPhone,Original tweet,https://t.co/up0MHRxelf
2185,668852170888998912,470,174,6831422,103,Twitter for iPhone,Original tweet,https://t.co/OmxouCZ8IY
2186,668826086256599040,456,147,6831422,103,Twitter for iPhone,Original tweet,https://t.co/Ko7eCsFpnI
2187,668815180734689280,595,284,6831422,103,Twitter for iPhone,Original tweet,https://t.co/IGmVbz07tZ
2188,668779399630725120,733,396,6831422,103,Twitter for iPhone,Original tweet,https://t.co/YVAJgWHzPW
2189,668655139528511488,551,229,6831422,103,Twitter for iPhone,Original tweet,https://t.co/mwnBN6ZkPt
2190,668645506898350081,934,573,6831422,103,Twitter for iPhone,Original tweet,https://t.co/70X1TIXn38
2191,668643542311546881,922,561,6831422,103,Twitter for iPhone,Original tweet,https://t.co/IiSdmhkC5N
2192,668641109086707712,1122,563,6831422,103,Twitter for iPhone,Original tweet,https://t.co/pKJK23j0QZ
2193,668636665813057536,1083,510,6831422,103,Twitter for iPhone,Original tweet,https://t.co/EM5fDykrJg
2194,668633411083464705,2939,1744,6831422,103,Twitter for iPhone,Original tweet,https://t.co/k8P6FZlzAG
2195,668631377374486528,746,338,6831422,103,Twitter for iPhone,Original tweet,https://t.co/fvVNScw8VH
2196,668627278264475648,332,122,6831422,103,Twitter for iPhone,Original tweet,https://t.co/3FuNbzyPwo
2197,668625577880875008,410,140,6831422,103,Twitter for iPhone,Original tweet,https://t.co/0zBycaxyvs
2198,668623201287675904,1507,826,6831422,103,Twitter for iPhone,Original tweet,https://t.co/TIhVKEIPqj
2199,668620235289837568,216,46,6831422,103,Twitter for iPhone,Original tweet,https://t.co/AGyogHtmXx
2200,668614819948453888,635,333,6831422,103,Twitter for iPhone,Original tweet,https://t.co/2Su7gmsnZm
2201,668587383441514497,1732,1145,6831422,103,Vine - Make a Scene,Original tweet,https://t.co/roqIxCvEB3
2202,668567822092664832,254,61,6831422,103,Twitter for iPhone,Original tweet,https://t.co/81kzPgqjQ3
2203,668544745690562560,542,239,6831422,103,Twitter for iPhone,Original tweet,https://t.co/ALNyYuGui7
2204,668542336805281792,484,226,6831422,103,Twitter for iPhone,Original tweet,https://t.co/VvYVbsi6c3
2205,668537837512433665,258,78,6831422,103,Twitter for iPhone,Original tweet,https://t.co/stEodX9Aba
2206,668528771708952576,484,237,6831422,103,Twitter for iPhone,Original tweet,https://t.co/zpdBQCcYgW
2207,668507509523615744,338,113,6831422,103,Twitter for iPhone,Original tweet,https://t.co/HvNg9JWxFt
2208,668496999348633600,426,139,6831422,103,Twitter for iPhone,Original tweet,https://t.co/Edy7B5vOp2
2209,668484198282485761,442,248,6831422,103,Twitter for iPhone,Original tweet,https://t.co/uXgmECGYEB
2210,668480044826800133,477,155,6831422,103,Twitter for iPhone,Original tweet,https://t.co/be3zMW0Qj5
2211,668466899341221888,920,544,6831422,103,Twitter for iPhone,Original tweet,https://t.co/YOHe6lf09m
2212,668297328638447616,643,313,6831422,103,Twitter for iPhone,Original tweet,https://t.co/P8bivfp5sU
2213,668291999406125056,259,34,6831422,103,Twitter for iPhone,Original tweet,https://t.co/fM0KXns7Or
2214,668286279830867968,524,144,6831422,103,Twitter for iPhone,Original tweet,https://t.co/C8U6cxI1Jc
2215,668274247790391296,856,241,6831422,103,Twitter for iPhone,Original tweet,https://t.co/3j9kZRcpVB
2216,668268907921326080,574,251,6831422,103,Twitter for iPhone,Original tweet,https://t.co/aeZykWwiJN
2217,668256321989451776,1351,650,6831422,103,Twitter for iPhone,Original tweet,https://t.co/L6qAEV5PAd
2218,668248472370458624,1026,511,6831422,103,Twitter for iPhone,Original tweet,https://t.co/1XYRh8N00K
2219,668237644992782336,6439,3001,6831422,103,Twitter for iPhone,Original tweet,https://t.co/TnSRDqYO5i
2220,668226093875376128,316,110,6831422,103,Twitter for iPhone,Original tweet,https://t.co/jWVwSppaa2
2221,668221241640230912,525,209,6831422,103,Twitter for iPhone,Original tweet,https://t.co/4pw1QQ6udh
2222,668204964695683073,573,204,6831422,103,Twitter for iPhone,Original tweet,https://t.co/4ilfcR5SlK
2223,668190681446379520,674,205,6831422,103,Twitter for iPhone,Original tweet,https://t.co/2wm0POA9N2
2224,668171859951755264,511,202,6831422,103,Twitter for iPhone,Original tweet,https://t.co/XpseHBlAAb
2225,668154635664932864,513,330,6831422,103,Twitter for iPhone,Original tweet,https://t.co/79sHR36NsI
2226,668142349051129856,580,302,6831422,103,Twitter for iPhone,Original tweet,https://t.co/DnhUw0aBM2
2227,668113020489474048,689,258,6831213,103,Twitter for iPhone,Original tweet,https://t.co/GCJzm3YsfX
2228,667937095915278337,1320,838,6831422,103,Twitter for iPhone,Original tweet,https://t.co/x89NSCEZCq
2229,667924896115245057,309,117,6831422,103,Twitter for iPhone,Original tweet,https://t.co/fW6kIPFGD2
2230,667915453470232577,217,58,6831422,103,Twitter for iPhone,Original tweet,https://t.co/tIaaBIMlJN
2231,667911425562669056,511,318,6831422,103,Twitter for iPhone,Original tweet,https://t.co/SyMoWrp368
2232,667902449697558528,876,390,6831422,103,Twitter for iPhone,Original tweet,https://t.co/sJeHdGUt0W
2233,667886921285246976,1966,1150,6831422,103,Twitter for iPhone,Original tweet,https://t.co/MT7Q4aDQS1
2234,667885044254572545,846,508,6831422,103,Twitter for iPhone,Original tweet,https://t.co/7rkYZQdKEd
2235,667878741721415682,403,124,6831422,103,Twitter for iPhone,Original tweet,https://t.co/LvP1TTYSCN
2236,667873844930215936,651,427,6831422,103,Twitter for iPhone,Original tweet,https://t.co/ODqrL3zXYE
2237,667866724293877760,3100,1084,6831422,103,Twitter for iPhone,Original tweet,https://t.co/SBmWbfAg6X
2238,667861340749471744,250,81,6831422,103,Twitter for iPhone,Original tweet,https://t.co/J4GnJ5Swba
2239,667832474953625600,294,65,6831422,103,Twitter for iPhone,Original tweet,https://t.co/z1xPTgVLc7
2240,667806454573760512,1089,524,6831422,103,Twitter for iPhone,Original tweet,https://t.co/TBmDJXJB75
2241,667801013445750784,338,98,6831422,103,Twitter for iPhone,Original tweet,https://t.co/SVMF4Frf1w
2242,667793409583771648,721,344,6831422,103,Twitter for iPhone,Original tweet,https://t.co/s1z7mX4c9O
2243,667782464991965184,426,253,6831422,103,Twitter for iPhone,Original tweet,https://t.co/BY8nQAMz0x
2244,667773195014021121,240,59,6831422,103,Twitter Web Client,Original tweet,https://t.co/ZU0i0KJyqD
2245,667766675769573376,461,229,6831423,103,Twitter Web Client,Original tweet,https://t.co/3Bbba7y8Xe
2246,667728196545200128,385,158,6831423,103,Twitter Web Client,Original tweet,https://t.co/LwrCwlWwPB
2247,667724302356258817,504,332,6831423,103,Twitter Web Client,Original tweet,https://t.co/0nIxPTDWAZ
2248,667550904950915073,0,35,6831423,103,Twitter Web Client,This is a retweet,This is a retweet
2249,667550882905632768,0,33,6831423,103,Twitter Web Client,This is a retweet,This is a retweet
2250,667549055577362432,5984,2396,6831424,103,Twitter Web Client,Original tweet,https://t.co/i9iSGNn3fx
2251,667546741521195010,342,132,6831424,103,Twitter Web Client,Original tweet,https://t.co/afRtVsoIIb
2252,667544320556335104,895,549,6831424,103,Twitter Web Client,Original tweet,https://t.co/8zcwIoiuqR
2253,667538891197542400,209,70,6831424,103,Twitter Web Client,Original tweet,https://t.co/IQTOMqDUIe
2254,667534815156183040,844,561,6831424,103,Twitter Web Client,Original tweet,https://t.co/CpPxD28IpV
2255,667530908589760512,488,254,6831424,103,Twitter Web Client,Original tweet,https://t.co/xoRWyQTcmy
2256,667524857454854144,1752,1167,6831424,103,Twitter Web Client,Original tweet,https://t.co/seESNzgsdm
2257,667517642048163840,379,198,6831424,103,Twitter Web Client,Original tweet,https://t.co/fh5KflzBR0
2258,667509364010450944,6993,2216,6831424,103,Twitter Web Client,Original tweet,https://t.co/0aDF62KVP7
2259,667502640335572993,548,227,6831424,103,Twitter Web Client,Original tweet,https://t.co/n5Wtb5Hvsl
2260,667495797102141441,545,287,6831424,103,Twitter Web Client,Original tweet,https://t.co/5NhPV8E45i
2261,667491009379606528,549,237,6831424,103,Twitter Web Client,Original tweet,https://t.co/ITxxcc4v9y
2262,667470559035432960,264,101,6831424,103,Twitter Web Client,Original tweet,https://t.co/J4vn2rOYFk
2263,667455448082227200,195,65,6831424,103,Twitter Web Client,Original tweet,https://t.co/uLzRi1drVK
2264,667453023279554560,320,93,6831424,103,Twitter Web Client,Original tweet,https://t.co/6uLCWR9Efa
2265,667443425659232256,804,605,6831424,103,Twitter for iPhone,Original tweet,https://t.co/rqO4I3nf2N
2266,667437278097252352,463,248,6831424,103,Twitter for iPhone,Original tweet,https://t.co/97HuBrVuOx
2267,667435689202614272,312,85,6831424,103,Twitter for iPhone,Original tweet,https://t.co/PQni2sjPsm
2268,667405339315146752,477,225,6831424,103,Twitter for iPhone,Original tweet,https://t.co/3Fm9PwLju1
2269,667393430834667520,200,58,6831424,103,Twitter for iPhone,Original tweet,https://t.co/A37eGLz5WS
2270,667369227918143488,376,169,6831424,103,Twitter for iPhone,Original tweet,https://t.co/LEaviT37v1
2271,667211855547486208,505,250,6831424,103,Twitter for iPhone,Original tweet,https://t.co/azEoGqVonH
2272,667200525029539841,630,272,6831424,103,Twitter for iPhone,Original tweet,https://t.co/60xYFRATPZ
2273,667192066997374976,400,110,6831424,103,Twitter for iPhone,Original tweet,https://t.co/QCugm5ydl6
2274,667188689915760640,764,432,6831424,103,Twitter for iPhone,Original tweet,https://t.co/8uCMwS9CbV
2275,667182792070062081,14748,6459,6831424,103,Twitter for iPhone,Original tweet,https://t.co/s2yYuHabWl
2276,667177989038297088,194,57,6831424,103,Twitter for iPhone,Original tweet,https://t.co/jpaeu6LNmW
2277,667176164155375616,627,474,6831424,103,Twitter for iPhone,Original tweet,https://t.co/PZxSarAfSN
2278,667174963120574464,255,86,6831424,103,Twitter for iPhone,Original tweet,https://t.co/fGDWgukcBs
2279,667171260800061440,228,95,6831424,103,Twitter for iPhone,Original tweet,https://t.co/6RHNRsByOY
2280,667165590075940865,2755,1191,6831424,103,Twitter for iPhone,Original tweet,https://t.co/li2XYBVuAY
2281,667160273090932737,262,65,6831424,103,Twitter for iPhone,Original tweet,https://t.co/DKhgkMx4N1
2282,667152164079423490,48971,17798,6831424,103,Twitter for iPhone,Original tweet,https://t.co/h9R0EwKd9X
2283,667138269671505920,4732,2308,6831424,103,Twitter for iPhone,Original tweet,https://t.co/0DvHAMdA4V
2284,667119796878725120,336,133,6831424,103,Twitter for iPhone,Original tweet,https://t.co/3LZrJzg3BJ
2285,667090893657276420,338,130,6831424,103,Twitter for iPhone,Original tweet,https://t.co/Ks0jZtdIrr
2286,667073648344346624,412,126,6831424,103,Twitter for iPhone,Original tweet,https://t.co/DPSamreuRq
2287,667070482143944705,85,14,6831424,103,Twitter for iPhone,Original tweet,0
2288,667065535570550784,169,49,6831424,103,Twitter for iPhone,Original tweet,https://t.co/7JdgVqDnvR
2289,667062181243039745,221,56,6831424,103,Twitter for iPhone,Original tweet,https://t.co/tz1lpuvXLA
2290,667044094246576128,191,51,6831424,103,Twitter for iPhone,Original tweet,https://t.co/QZAnwgnOMB
2291,667012601033924608,460,234,6831424,103,Twitter for iPhone,Original tweet,https://t.co/bATAbPNv0m
2292,666996132027977728,248,98,6831424,103,Twitter for iPhone,Original tweet,https://t.co/SVpNbhaIMk
2293,666983947667116034,2618,1014,6831424,103,Twitter for iPhone,Original tweet,https://t.co/cyDfaK8NBc
2294,666837028449972224,838,568,6831424,103,Twitter for iPhone,Original tweet,https://t.co/xYGdBrMS9h
2295,666835007768551424,220,81,6831424,103,Twitter for iPhone,Original tweet,https://t.co/ZnEMHBsAs1
2296,666826780179869698,258,99,6831424,103,Twitter for iPhone,Original tweet,https://t.co/V6ZzG45zzG
2297,666817836334096384,532,259,6831424,103,Twitter for iPhone,Original tweet,https://t.co/8whlkYw3mO
2298,666804364988780544,244,94,6831424,103,Twitter for iPhone,Original tweet,https://t.co/RdKbAOEpDK
2299,666786068205871104,779,500,6831424,103,Twitter for iPhone,Original tweet,https://t.co/EIn5kElY1S
2300,666781792255496192,396,203,6831424,103,Twitter for iPhone,Original tweet,https://t.co/uEvsGLOFHa
2301,666776908487630848,360,178,6831424,103,Twitter for iPhone,Original tweet,https://t.co/XNGeDwrtYH
2302,666739327293083650,240,67,6831424,103,Twitter for iPhone,Original tweet,https://t.co/tI3uFLDHBI
2303,666701168228331520,440,223,6831424,103,Twitter for iPhone,Original tweet,https://t.co/uQbZJM2DQB
2304,666691418707132416,190,48,6831424,103,Twitter for iPhone,Original tweet,https://t.co/bg4TqvvkuF
2305,666649482315059201,896,592,6831424,103,Twitter for iPhone,Original tweet,https://t.co/vXMKrJC81s
2306,666644823164719104,234,85,6831424,103,Twitter for iPhone,Original tweet,https://t.co/LEkZjZxESQ
2307,666454714377183233,529,212,6831424,103,Twitter for iPhone,Original tweet,https://t.co/uPqPeXAcua
2308,666447344410484738,105,22,6831424,103,Twitter for iPhone,Original tweet,https://t.co/kH60oka1HW
2309,666437273139982337,129,50,6831424,103,Twitter for iPhone,Original tweet,https://t.co/7LtjBS0GPK
2310,666435652385423360,168,54,6831424,103,Twitter for iPhone,Original tweet,https://t.co/GlFZPzqcEU
2311,666430724426358785,321,199,6831424,103,Twitter for iPhone,Original tweet,https://t.co/yECbFrSArM
2312,666428276349472768,166,84,6831424,103,Twitter for iPhone,Original tweet,https://t.co/NMQq6HIglK
2313,666421158376562688,319,114,6831424,103,Twitter for iPhone,Original tweet,https://t.co/YMcrXC2Y6R
2314,666418789513326592,127,47,6831424,103,Twitter for iPhone,Original tweet,https://t.co/qXpcwENTvn
2315,666411507551481857,450,329,6831424,103,Twitter for iPhone,Original tweet,https://t.co/aMCTNWO94t
2316,666407126856765440,110,41,6831424,103,Twitter for iPhone,Original tweet,https://t.co/LopTBkKa8h
2317,666396247373291520,168,86,6831424,103,Twitter for iPhone,Original tweet,https://t.co/Dc7b0E8qFE
2318,666373753744588802,189,93,6831424,103,Twitter for iPhone,Original tweet,https://t.co/uHXrPkUEyl
2319,666362758909284353,783,577,6831424,103,Twitter for iPhone,Original tweet,https://t.co/XMD9CwjEnM
2320,666353288456101888,222,73,6831424,103,Twitter for iPhone,Original tweet,https://t.co/tltQ5w9aUO
2321,666345417576210432,300,140,6831424,103,Twitter for iPhone,Original tweet,https://t.co/VFKG1vxGjB
2322,666337882303524864,199,92,6831424,103,Twitter for iPhone,Original tweet,https://t.co/QpRjllzWAL
2323,666293911632134144,511,358,6831424,103,Twitter for iPhone,Original tweet,https://t.co/IIXis0zta0
2324,666287406224695296,149,68,6831424,103,Twitter for iPhone,Original tweet,https://t.co/d9NcXFKwLv
2325,666273097616637952,177,76,6831424,103,Twitter for iPhone,Original tweet,https://t.co/ws2AMaNwPW
2326,666268910803644416,104,35,6831424,103,Twitter for iPhone,Original tweet,https://t.co/0yxApIikpk
2327,666104133288665088,14404,6661,6831424,103,Twitter for iPhone,Original tweet,https://t.co/Asgdc6kuLX
2328,666102155909144576,79,13,6831424,103,Twitter for iPhone,Original tweet,https://t.co/11LvqN4WLq
2329,666099513787052032,158,69,6831424,103,Twitter for iPhone,Original tweet,https://t.co/Ri4nMTLq5C
2330,666094000022159362,166,76,6831424,103,Twitter for iPhone,Original tweet,https://t.co/mnioXo3IfP
2331,666082916733198337,119,45,6831424,103,Twitter for iPhone,Original tweet,https://t.co/3RU6x0vHB7
2332,666073100786774016,323,166,6831424,103,Twitter for iPhone,Original tweet,https://t.co/Yk6GHE9tOY
2333,666071193221509120,148,62,6831424,103,Twitter for iPhone,Original tweet,https://t.co/ZoL8kq2XFx
2334,666063827256086533,479,223,6831424,103,Twitter for iPhone,Original tweet,https://t.co/RhUEAloehK
2335,666058600524156928,112,57,6831424,103,Twitter for iPhone,Original tweet,https://t.co/pYAJkAe76p
2336,666057090499244032,298,141,6831424,103,Twitter for iPhone,Original tweet,https://t.co/yWBqbrzy8O
2337,666055525042405380,437,257,6831424,103,Twitter for iPhone,Original tweet,https://t.co/rdivxLiqEt
2338,666051853826850816,1229,854,6831424,103,Twitter for iPhone,Original tweet,https://t.co/v5A4vzSDdc
2339,666050758794694657,132,58,6831424,103,Twitter for iPhone,Original tweet,https://t.co/fvIbQfHjIe
2340,666049248165822465,109,40,6831424,103,Twitter for iPhone,Original tweet,https://t.co/4B7cOc1EDq
2341,666044226329800704,299,141,6831424,103,Twitter for iPhone,Original tweet,https://t.co/DWnyCjf2mx
2342,666033412701032449,125,44,6831424,103,Twitter for iPhone,Original tweet,https://t.co/y671yMhoiR
2343,666029285002620928,130,47,6831424,103,Twitter for iPhone,Original tweet,https://t.co/r7mOb2m0UI
2344,666020888022790149,2562,518,6831424,103,Twitter for iPhone,Original tweet,https://t.co/BLDqew2Ijj
